# RobotCar: кадры, для которых посчитаны маски сегментации —
# примерно каждый восьмой кадр обоих проездов (2015-08-12, 2015-09-02).
1439388279982387
1439388280482357
1439388280982279
1439388281482199
1439388281982116
1439388282482034
1439388282981954
1439388283481870
1439388283981815
1439388284481780
1439388284981751
1439388285481681
1439388285981617
1439388286481548
1439388286981478
1439388287481412
1439388287981331
1439388288481251
1439388288981171
1439388289481136
1439388289981063
1439388290480981
1439388290980900
1439388291480821
1439388291980741
1439388292480661
1439388292980581
1439388293480503
1439388293980425
1439388294480344
1439388294980259
1439388295480182
1439388295980100
1439388296605021
1439388297167440
1439388297729854
1439388298354773
1439388298979694
1439388299542110
1439388300167032
1439388300729451
1439388301354375
1439388301916791
1439388302541710
1439388303104130
1439388303666548
1439388304291468
1439388304853888
1439388305478804
1439388306041223
1439388306666196
1439388307291162
1439388307791107
1439388308291029
1439388308790948
1439388309290858
1439388309790769
1439388310290684
1439388310790602
1439388311290520
1439388311790440
1439388312415361
1439388312977775
1439388313602697
1439388314227615
1439388314790031
1439388315414953
1439388315977367
1439388316602287
1439388317227206
1439388317789624
1439388318414549
1439388318976964
1439388319601884
1439388320164304
1439388320726720
1439388321351635
1439388321976554
1439388322538971
1439388323163890
1439388323788810
1439388324351229
1439388324976150
1439388325538567
1439388326163484
1439388326725904
1439388327350818
1439388327913239
1439388328538154
1439388329163072
1439388329787996
1439388330350409
1439388330975329
1439388331537750
1439388332162670
1439388332725090
1439388333350005
1439388333912429
1439388334537345
1439388335099769
1439388335724685
1439388336287108
1439388336849524
1439388337474443
1439388338036865
1439388338661784
1439388339224205
1439388339849126
1439388340411585
1439388340974054
1439388341536501
1439388342036466
1439388342536399
1439388343036323
1439388343536243
1439388344036161
1439388344536083
1439388345036004
1439388345535919
1439388346035837
1439388346535760
1439388347035696
1439388347535615
1439388348035573
1439388348535545
1439388349035500
1439388349535428
1439388350035379
1439388350535306
1439388351035243
1439388351535164
1439388352035078
1439388352534995
1439388353034920
1439388353534838
1439388354034752
1439388354534668
1439388355034588
1439388355534508
1439388356034426
1439388356534343
1439388357159260
1439388357784180
1439388358346598
1439388358971517
1439388359533935
1439388360158854
1439388360783773
1439388361346185
1439388361971103
1439388362596023
1439388363220944
1439388363783361
1439388364408284
1439388364970702
1439388365533123
1439388366158041
1439388366720462
1439388367345380
1439388367907799
1439388368532718
1439388369095138
1439388369720058
1439388370282480
1439388370907398
1439388371469820
1439388372032240
1439388372657158
1439388373219574
1439388373844493
1439388374469411
1439388375031885
1439388375656850
1439388376156798
1439388376656755
1439388377156682
1439388377656599
1439388378156517
1439388378656433
1439388379156354
1439388379656275
1439388380156203
1439388380656169
1439388381156124
1439388381656062
1439388382155977
1439388382655895
1439388383155831
1439388383655799
1439388384155723
1439388384655662
1439388385155599
1439388385655515
1439388386155433
1439388386655352
1439388387155266
1439388387655181
1439388388155095
1439388388655013
1439388389154927
1439388389654847
1439388390217286
1439388390842247
1439388391404715
1439388391904669
1439388392404616
1439388392904535
1439388393404452
1439388393904369
1439388394404285
1439388394904202
1439388395404119
1439388395904040
1439388396403992
1439388396903967
1439388397403929
1439388397903871
1439388398403803
1439388398903725
1439388399403666
1439388399903602
1439388400403535
1439388400903463
1439388401403380
1439388401903299
1439388402403222
1439388402903140
1439388403403055
1439388403902973
1439388404402898
1439388404902862
1439388405402818
1439388405902772
1439388406402718
1439388406902635
1439388407402556
1439388407902473
1439388408402393
1439388408902312
1439388409402255
1439388409902224
1439388410402177
1439388410902111
1439388411402027
1439388411901957
1439388412401904
1439388412901836
1439388413401760
1439388413901676
1439388414401630
1439388414901556
1439388415401472
1439388415901395
1439388416401312
1439388416901231
1439388417401156
1439388417901120
1439388418401082
1439388418901014
1439388419400942
1439388419900885
1439388420400813
1439388420900731
1439388421400676
1439388421900608
1439388422400538
1439388422900473
1439388423400387
1439388423900309
1439388424400230
1439388424900167
1439388425400128
1439388425900074
1439388426399992
1439388426899929
1439388427399863
1439388427899783
1439388428399703
1439388428899625
1439388429399540
1439388429899496
1439388430399453
1439388430899391
1439388431399306
1439388431899225
1439388432399147
1439388432899066
1439388433398981
1439388433898902
1439388434398825
1439388434898760
1439388435398714
1439388435898651
1439388436398624
1439388436898583
1439388437398512
1439388437898447
1439388438398378
1439388438898311
1439388439398238
1439388439898154
1439388440398075
1439388440897997
1439388441397920
1439388441897839
1439388442397758
1439388442897679
1439388443397626
1439388443897592
1439388444397555
1439388444897494
1439388445397413
1439388445897334
1439388446397254
1439388446897177
1439388447397097
1439388447897017
1439388448396938
1439388448896858
1439388449396778
1439388449896696
1439388450396669
1439388450896634
1439388451396590
1439388451896547
1439388452396470
1439388452896392
1439388453396346
1439388453896266
1439388454396185
1439388454896137
1439388455396054
1439388455895972
1439388456395892
1439388456895809
1439388457395748
1439388457895704
1439388458395624
1439388458895544
1439388459395463
1439388459895417
1439388460395382
1439388460895330
1439388461395252
1439388461895172
1439388462395125
1439388462895046
1439388463394966
1439388463894888
1439388464394809
1439388464894744
1439388465394679
1439388465894600
1439388466394520
1439388466894494
1439388467394446
1439388467894366
1439388468394285
1439388468894202
1439388469394120
1439388469894083
1439388470394029
1439388470893950
1439388471393871
1439388471893793
1439388472393713
1439388472893638
1439388473393556
1439388473893478
1439388474393395
1439388474893316
1439388475393239
1439388475893157
1439388476455582
1439388477017999
1439388477580420
1439388478205381
1439388478767814
1439388479267753
1439388479767691
1439388480267610
1439388480767532
1439388481267450
1439388481767371
1439388482267290
1439388482829710
1439388483454657
1439388484017123
1439388484579597
1439388485079552
1439388485579482
1439388486079400
1439388486579348
1439388487079266
1439388487579184
1439388488079104
1439388488579022
1439388489078946
1439388489578862
1439388490078783
1439388490578705
1439388491078620
1439388491578547
1439388492078516
1439388492640985
1439388493140941
1439388493640896
1439388494140820
1439388494640755
1439388495140674
1439388495640622
1439388496140556
1439388496640472
1439388497140392
1439388497640349
1439388498140276
1439388498640193
1439388499140111
1439388499640030
1439388500139957
1439388500639891
1439388501139855
1439388501639813
1439388502139738
1439388502639657
1439388503139577
1439388503639497
1439388504139420
1439388504639336
1439388505139260
1439388505639173
1439388506139093
1439388506639050
1439388507139014
1439388507638980
1439388508138934
1439388508638855
1439388509138774
1439388509638728
1439388510138666
1439388510638582
1439388511138524
1439388511638463
1439388512138393
1439388512638315
1439388513138234
1439388513638156
1439388514138075
1439388514637995
1439388515137961
1439388515637920
1439388516137846
1439388516637768
1439388517137685
1439388517637612
1439388518137559
1439388518637515
1439388519137437
1439388519637374
1439388520137302
1439388520637221
1439388521137140
1439388521637081
1439388522137043
1439388522636969
1439388523136909
1439388523636831
1439388524136771
1439388524636705
1439388525136625
1439388525636541
1439388526136458
1439388526636375
1439388527136323
1439388527636289
1439388528136230
1439388528636154
1439388529136075
1439388529636023
1439388530135940
1439388530635880
1439388531135819
1439388531635746
1439388532135683
1439388532635620
1439388533135539
1439388533635457
1439388534135411
1439388534635343
1439388535135283
1439388535635201
1439388536135151
1439388536635071
1439388537135005
1439388537634910
1439388538134832
1439388538634751
1439388539134674
1439388539634593
1439388540134514
1439388540634435
1439388541134360
1439388541634276
1439388542134198
1439388542696618
1439388543321536
1439388543883959
1439388544446378
1439388545071299
1439388545633718
1439388546258645
1439388546821060
1439388547383479
1439388548008400
1439388548570824
1439388549195742
1439388549758164
1439388550383083
1439388550945503
1439388551507924
1439388552132845
1439388552695264
1439388553320181
1439388553882601
1439388554507520
1439388555132441
1439388555694860
1439388556319782
1439388556882203
1439388557444624
1439388558069586
1439388558632055
1439388559194528
1439388559694464
1439388560194383
1439388560694302
1439388561194238
1439388561694194
1439388562194110
1439388562694030
1439388563193948
1439388563693868
1439388564193788
1439388564693707
1439388565193624
1439388565693544
1439388566193504
1439388566693472
1439388567193440
1439388567693386
1439388568193306
1439388568693222
1439388569193142
1439388569693059
1439388570193013
1439388570692970
1439388571192918
1439388571692838
1439388572192760
1439388572692678
1439388573192594
1439388573692511
1439388574192428
1439388574692348
1439388575192269
1439388575692191
1439388576192109
1439388576692029
1439388577254450
1439388577879371
1439388578441789
1439388579066705
1439388579629130
1439388580254045
1439388580878965
1439388581441383
1439388582066302
1439388582628725
1439388583253643
1439388583816067
1439388584440985
1439388585003401
1439388585628319
1439388586190738
1439388586815661
1439388587440583
1439388588002995
1439388588627917
1439388589252836
1439388589815253
1439388590440175
1439388591002593
1439388591627514
1439388592189936
1439388592814852
1439388593377272
1439388594002192
1439388594627111
1439388595189529
1439388595814447
1439388596376870
1439388597001791
1439388597564213
1439388598189147
1439388598751610
1439388599314079
1439388599814027
1439388600313989
1439388600813907
1439388601313841
1439388601813747
1439388602313665
1439388602813585
1439388603313506
1439388603813422
1439388604313377
1439388604813341
1439388605313305
1439388605813244
1439388606313179
1439388606813111
1439388607313041
1439388607812977
1439388608312903
1439388608812830
1439388609312748
1439388609812707
1439388610312629
1439388610812559
1439388611312501
1439388611812422
1439388612312359
1439388612812304
1439388613312234
1439388613812169
1439388614312100
1439388614812031
1439388615311967
1439388615811899
1439388616311822
1439388616811745
1439388617311665
1439388617811585
1439388618311506
1439388618811421
1439388619311343
1439388619811264
1439388620311186
1439388620811108
1439388621311026
1439388621810947
1439388622373395
1439388622935860
1439388623498317
1439388623998283
1439388624498224
1439388624998144
1439388625498065
1439388625997986
1439388626497904
1439388626997842
1439388627497806
1439388627997756
1439388628497673
1439388628997597
1439388629497526
1439388629997486
1439388630497409
1439388630997329
1439388631497248
1439388631997217
1439388632497136
1439388632997058
1439388633496976
1439388633996898
1439388634496819
1439388634996740
1439388635496661
1439388635996582
1439388636496501
1439388636996422
1439388637496342
1439388637996265
1439388638558686
1439388639183604
1439388639746025
1439388640370944
1439388640933401
1439388641558375
1439388642058338
1439388642558295
1439388643058227
1439388643558144
1439388644058062
1439388644557982
1439388645057902
1439388645557825
1439388646057742
1439388646557660
1439388647057582
1439388647557503
1439388648057421
1439388648557360
1439388649119823
1439388649682289
1439388650182228
1439388650682198
1439388651182125
1439388651682045
1439388652181970
1439388652681906
1439388653181865
1439388653681793
1439388653744288
1439388654244210
1439388654744130
1439388655244051
1439388655743970
1439388656243892
1439388656743814
1439388657243734
1439388657743695
1439388658243666
1439388658743615
1439388659243536
1439388659743474
1439388660243391
1439388660743311
1439388661243230
1439388661743151
1439388662243072
1439388662742989
1439388663242909
1439388663742828
1439388664242747
1439388664742664
1439388665305084
1439388665930004
1439388666492419
1439388667117341
1439388667679761
1439388668304679
1439388668929597
1439388669492018
1439388670116938
1439388670679401
1439388671304366
1439388671804322
1439388672304278
1439388672804217
1439388673304139
1439388673804058
1439388674303979
1439388674803899
1439388675303821
1439388675803741
1439388676303662
1439388676803576
1439388677303501
1439388677803435
1439388678303399
1439388678865865
1439388679365821
1439388679865770
1439388680365699
1439388680865617
1439388681365553
1439388681865469
1439388682365387
1439388682865303
1439388683365222
1439388683865139
1439388684365057
1439388684864974
1439388685364891
1439388685864807
1439388686489726
1439388687114638
1439388687739612
1439388688364573
1439388688864536
1439388689364493
1439388689864418
1439388690364349
1439388690864283
1439388691364199
1439388691864124
1439388692364041
1439388692863963
1439388693363880
1439388693863798
1439388694363727
1439388694863694
1439388695363666
1439388695863613
1439388696363541
1439388696863480
1439388697363407
1439388697863331
1439388698363281
1439388698863208
1439388699363130
1439388699863051
1439388700363009
1439388700862929
1439388701362851
1439388701862768
1439388702362690
1439388702862646
1439388703362603
1439388703862527
1439388704362446
1439388704862370
1439388705362284
1439388705862206
1439388706362129
1439388706862048
1439388707361965
1439388707861882
1439388708361804
1439388708861725
1439388709424146
1439388710049067
1439388710611522
1439388711236485
1439388711736455
1439388712236408
1439388712736343
1439388713236263
1439388713736185
1439388714236146
1439388714736080
1439388715236009
1439388715735945
1439388716235879
1439388716735811
1439388717235742
1439388717735676
1439388718235607
1439388718735530
1439388719235451
1439388719735368
1439388720235287
1439388720735206
1439388721235125
1439388721735045
1439388722235019
1439388722734976
1439388723234930
1439388723734863
1439388724234799
1439388724734721
1439388725234642
1439388725734561
1439388726234481
1439388726734410
1439388727234377
1439388727734330
1439388728234253
1439388728734175
1439388729234097
1439388729734043
1439388730233988
1439388730733906
1439388731233827
1439388731733749
1439388732233668
1439388732733588
1439388733233509
1439388733733430
1439388734233349
1439388734733271
1439388735233190
1439388735733111
1439388736295571
1439388736920543
1439388737420481
1439388737920446
1439388738420395
1439388738920322
1439388739420261
1439388739920179
1439388740420098
1439388740920020
1439388741419944
1439388741919861
1439388742419778
1439388742919735
1439388743419699
1439388743919656
1439388744419588
1439388744919504
1439388745419453
1439388745919373
1439388746419290
1439388746919211
1439388747419130
1439388747919050
1439388748418970
1439388748918929
1439388749418894
1439388749918847
1439388750418764
1439388750918684
1439388751418605
1439388751918525
1439388752418443
1439388752918362
1439388753418286
1439388753918253
1439388754418225
1439388754918176
1439388755418109
1439388755918044
1439388756417972
1439388756917889
1439388757417827
1439388757917770
1439388758417688
1439388758917608
1439388759417530
1439388759917453
1439388760417372
1439388760917295
1439388761417214
1439388761917134
1439388762417056
1439388762917012
1439388763416979
1439388763916944
1439388764416902
1439388764916826
1439388765416747
1439388765916667
1439388766416589
1439388766916511
1439388767416481
1439388767916429
1439388768416346
1439388768916269
1439388769416188
1439388769916106
1439388770416029
1439388770915967
1439388771415940
1439388771915895
1439388772415821
1439388772915741
1439388773415664
1439388773915581
1439388774415502
1439388774915418
1439388775415336
1439388775915256
1439388776415176
1439388776915098
1439388777415013
1439388777977434
1439388778539855
1439388779164771
1439388779727196
1439388780352114
1439388780977031
1439388781539447
1439388782164367
1439388782789285
1439388783414201
1439388783976624
1439388784601540
1439388785226456
1439388785851375
1439388786413794
1439388787038739
1439388787663703
1439388788226158
1439388788726126
1439388789226070
1439388789725987
1439388790225905
1439388790725827
1439388791225745
1439388791725668
1439388792225586
1439388792725507
1439388793225425
1439388793725347
1439388794225268
1439388794725186
1439388795287607
1439388795912529
1439388796474948
1439388797099902
1439388797662374
1439388798224831
1439388798724777
1439388799224725
1439388799724663
1439388800224594
1439388800724512
1439388801224431
1439388801724352
1439388802224273
1439388802724197
1439388803224116
1439388803724039
1439388804223961
1439388804723883
1439388805223802
1439388805723723
1439388806223649
1439388806786115
1439388807411089
1439388807911054
1439388808410993
1439388808910928
1439388809410861
1439388809910793
1439388810410725
1439388810910659
1439388811410592
1439388811910524
1439388812410459
1439388812910387
1439388813410307
1439388813910227
1439388814410146
1439388814910066
1439388815409988
1439388815909907
1439388816409829
1439388816909751
1439388817409671
1439388817909593
1439388818409511
1439388818971932
1439388819534354
1439388820159278
1439388820721733
1439388821284169
1439388821846590
1439388822346512
1439388822846436
1439388823346354
1439388823846277
1439388824471195
1439388825033619
1439388825658538
1439388826220961
1439388826783385
1439388827408306
1439388827970727
1439388828533148
1439388829158065
1439388829720486
1439388830345406
1439388830907827
1439388831532745
1439388832095167
1439388832720116
1439388833282581
1439388833845054
1439388834345014
1439388834844934
1439388835344851
1439388835844772
1439388836344710
1439388836844679
1439388837344600
1439388837844520
1439388838344439
1439388838844358
1439388839344284
1439388839844255
1439388840344210
1439388840844142
1439388841344067
1439388841843982
1439388842343903
1439388842843822
1439388843343743
1439388843843663
1439388844343584
1439388844843507
1439388845343425
1439388845843345
1439388846343266
1439388846905687
1439388847468104
1439388848093027
1439388848655447
1439388849280365
1439388849842785
1439388850467704
1439388851030123
1439388851655037
1439388852279960
1439388852904877
1439388853529797
1439388854092218
1439388854717138
1439388855279561
1439388855904530
1439388856466994
1439388856966951
1439388857466912
1439388857966836
1439388858466759
1439388858966707
1439388859466629
1439388859966552
1439388860466472
1439388860966394
1439388861466314
1439388861966234
1439388862466156
1439388862966075
1439388863465994
1439388863965916
1439388864465837
1439388865028260
1439388865590678
1439388866153099
1439388866778030
1439388867340496
1439388867902971
1439388868402927
1439388868902881
1439388869402806
1439388869902731
1439388870402647
1439388870902567
1439388871402489
1439388871902437
1439388872402403
1439388872902337
1439388873402256
1439388873902209
1439388874402134
1439388874902071
1439388875402007
1439388875901943
1439388876401870
1439388876901800
1439388877401719
1439388877901645
1439388878401605
1439388878901525
1439388879401454
1439388879901401
1439388880401336
1439388880901258
1439388881401204
1439388881901136
1439388882401071
1439388882900995
1439388883400934
1439388883900860
1439388884400781
1439388884900736
1439388885400669
1439388885900593
1439388886400530
1439388886900469
1439388887400402
1439388887900332
1439388888400267
1439388888900186
1439388889400122
1439388889900053
1439388890399974
1439388890899894
1439388891399817
1439388891899733
1439388892399698
1439388892899662
1439388893399598
1439388893899531
1439388894399461
1439388894899397
1439388895399322
1439388895899272
1439388896399193
1439388896899114
1439388897399028
1439388897898948
1439388898398912
1439388898898861
1439388899398779
1439388899898695
1439388900398650
1439388900898579
1439388901398500
1439388901898419
1439388902398369
1439388902898312
1439388903398233
1439388903898163
1439388904398121
1439388904898038
1439388905397960
1439388905897880
1439388906397800
1439388906897717
1439388907397637
1439388907897555
1439388908397474
1439388908897393
1439388909397309
1439388909959731
1439388910584649
1439388911147071
1439388911771992
1439388912334414
1439388912959333
1439388913521755
1439388914146675
1439388914709095
1439388915271517
1439388915896433
1439388916521353
1439388917146310
1439388917708775
1439388918271238
1439388918771198
1439388919271129
1439388919771065
1439388920270997
1439388920770930
1439388921270860
1439388921770787
1439388922270706
1439388922770625
1439388923270547
1439388923770468
1439388924270386
1439388924770341
1439388925270281
1439388925770204
1439388926270123
1439388926770045
1439388927269965
1439388927769885
1439388928269805
1439388928769724
1439388929269644
1439388929894568
1439388930456985
1439388931019405
1439388931644324
1439388932269248
1439388932831682
1439388933456623
1439388934019042
1439388934518963
1439388935018884
1439388935581304
1439388936143723
1439388936768642
1439388937331062
1439388937955988
1439388938518404
1439388939143323
1439388939705743
1439388940330665
1439388940955584
1439388941518005
1439388942142922
1439388942705342
1439388943330265
1439388943892684
1439388944517604
1439388945080041
1439388945705008
1439388946267473
1439388946767431
1439388947267383
1439388947767303
1439388948267225
1439388948767147
1439388949267111
1439388949767041
1439388950266964
1439388950766883
1439388951266805
1439388951766771
1439388952266703
1439388952766622
1439388953266540
1439388953766460
1439388954266381
1439388954766303
1439388955266271
1439388955766216
1439388956266178
1439388956766098
1439388957266028
1439388957765975
1439388958265911
1439388958765830
1439388959265771
1439388959765710
1439388960265632
1439388960765555
1439388961265474
1439388961765396
1439388962265315
1439388962765237
1439388963265158
1439388963765079
1439388964265000
1439388964764923
1439388965264844
1439388965764763
1439388966327185
1439388966952105
1439388967514527
1439388968076945
1439388968701863
1439388969326779
1439388969951694
1439388970576612
1439388971201530
1439388971826464
1439388972451434
1439388973013896
1439388973513862
1439388974013803
1439388974513733
1439388975013649
1439388975513567
1439388976013487
1439388976513443
1439388977013397
1439388977513311
1439388978013232
1439388978513148
1439388979013067
1439388979513026
1439388980012945
1439388980512865
1439388981012784
1439388981512705
1439388982012627
1439388982512574
1439388983012521
1439388983512443
1439388984012362
1439388984512284
1439388985012207
1439388985512127
1439388986074548
1439388986636969
1439388987199389
1439388987824309
1439388988386732
1439388989011652
1439388989574073
1439388990198992
1439388990761414
1439388991386336
1439388991948771
1439388992573736
1439388993136203
1439388994136111
1439388994636041
1439388995135976
1439388995635911
1439388996135842
1439388996635769
1439388997135689
1439388997635643
1439388998135576
1439388998635508
1439388999135438
1439388999635359
1439389000135305
1439389000635224
1439389001135161
1439389001635100
1439389002135023
1439389002634965
1439389003134903
1439389003634828
1439389004134745
1439389004634664
1439389005134616
1439389005634564
1439389006134485
1439389006634400
1439389007134313
1439389007634230
1439389008134149
1439389008634120
1439389009134085
1439389009634040
1439389010133962
1439389010633900
1439389011133835
1439389011633768
1439389012133702
1439389012633626
1439389013133566
1439389013633502
1439389014133423
1439389014633343
1439389015133257
1439389015633174
1439389016133090
1439389016633006
1439389017132925
1439389017632845
1439389018132762
1439389018632697
1439389019257660
1439389019882623
1439389020382595
1439389020882520
1439389021382437
1439389021882355
1439389022382298
1439389022882264
1439389023382198
1439389023882118
1439389024382063
1439389024881995
1439389025381923
1439389025881840
1439389026381757
1439389026881674
1439389027381627
1439389027881591
1439389028381519
1439389028881465
1439389029381384
1439389029881301
1439389030381221
1439389030881195
1439389031381119
1439389031881064
1439389032380990
1439389032880921
1439389033380839
1439389033880759
1439389034380679
1439389034880602
1439389035380520
1439389035880440
1439389036380378
1439389036880341
1439389037380305
1439389037880240
1439389038380194
1439389038880120
1439389039380040
1439389039879959
1439389040379922
1439389040879846
1439389041379792
1439389041879726
1439389042379646
1439389042879586
1439389043379526
1439389043879445
1439389044379366
1439389044879284
1439389045379238
1439389045879187
1439389046379109
1439389046879026
1439389047378944
1439389047878866
1439389048378785
1439389048878742
1439389049378713
1439389049878658
1439389050378577
1439389050878500
1439389051378418
1439389051878338
1439389052378259
1439389052878179
1439389053378099
1439389053878018
1439389054377972
1439389054877893
1439389055377811
1439389055877730
1439389056377652
1439389056877575
1439389057502537
1439389058065004
1439389058627467
1439389059127420
1439389059627352
1439389060127272
1439389060627188
1439389061127107
1439389061627025
1439389062126998
1439389062626954
1439389063126878
1439389063626796
1439389064126716
1439389064626636
1439389065126556
1439389065626474
1439389066126395
1439389066626317
1439389067126232
1439389067626157
1439389068126074
1439389068688493
1439389069313415
1439389069875853
1439389070500810
1439389071063267
1439389071563204
1439389072063126
1439389072563064
1439389073063030
1439389073562993
1439389074062914
1439389074562859
1439389075062776
1439389075562701
1439389076062652
1439389076562592
1439389077062513
1439389077562431
1439389078062354
1439389078562269
1439389079062190
1439389079562154
1439389080062124
1439389080562059
1439389081061989
1439389081561925
1439389082061843
1439389082561760
1439389083061700
1439389083561657
1439389084061586
1439389084561525
1439389085061445
1439389085561365
1439389086061297
1439389086561220
1439389087061191
1439389087561110
1439389088061037
1439389088560985
1439389089060918
1439389089560851
1439389090060787
1439389090560732
1439389091060640
1439389091560582
1439389092060518
1439389092560449
1439389093060371
1439389093560293
1439389094060248
1439389094560178
1439389095060117
1439389095560051
1439389096059969
1439389096559919
1439389097059839
1439389097559762
1439389098059686
1439389098559600
1439389099059521
1439389099559442
1439389100059362
1439389100559286
1439389101059204
1439389101559125
1439389102059044
1439389102621466
1439389103246386
1439389103808803
1439389104433758
1439389105058678
1439389105558597
1439389106058519
1439389106558441
1439389107120863
1439389107745783
1439389108308205
1439389108933125
1439389109495543
1439389110120465
1439389110682887
1439389111307809
1439389111870238
1439389112495204
1439389113057679
1439389113557625
1439389114057583
1439389114557510
1439389115057426
1439389115557338
1439389116057259
1439389116557175
1439389117057094
1439389117557014
1439389118056929
1439389118556847
1439389119056766
1439389119681689
1439389120244106
1439389120869020
1439389121493939
1439389122118857
1439389122743778
1439389123368699
1439389123931121
1439389124493542
1439389125118457
1439389125743377
1439389126368297
1439389126930718
1439389127555642
1439389128118058
1439389128742981
1439389129305409
1439389129930318
1439389130555239
1439389131117660
1439389131742580
1439389132305000
1439389132929918
1439389133492339
1439389134117261
1439389134742181
1439389135304602
1439389135867023
1439389136491942
1439389137116861
1439389137679281
1439389138304201
1439389138866622
1439389139491548
1439389140053964
1439389140678886
1439389141241312
1439389141866229
1439389142428649
1439389143053568
1439389143615986
1439389144240905
1439389144865824
1439389145490768
1439389146053215
1439389146615638
1439389147115611
1439389147615563
1439389148115519
1439389148615469
1439389149115398
1439389149615314
1439389150115232
1439389150615151
1439389151115069
1439389151614991
1439389152114913
1439389152614830
1439389153114752
1439389153614671
1439389154114590
1439389154739512
1439389155301930
1439389155926853
1439389156489271
1439389157114189
1439389157739108
1439389158301529
1439389158926448
1439389159551367
1439389160113787
1439389160738707
1439389161301129
1439389161926047
1439389162550972
1439389163113388
1439389163738310
1439389164300732
1439389164925652
1439389165488071
1439389166113045
1439389166675504
1439389167175450
1439389167675415
1439389168175360
1439389168675286
1439389169175207
1439389169675127
1439389170175044
1439389170674966
1439389171174887
1439389171674807
1439389172174725
1439389172674647
1439389173174568
1439389173674489
1439389174236910
1439389174799329
1439389175424248
1439389175986669
1439389176611588
1439389177236511
1439389177861429
1439389178423851
1439389178986275
1439389179611194
1439389180173614
1439389180736036
1439389181360955
1439389181985874
1439389182548296
1439389183173217
1439389183735638
1439389184360558
1439389184922980
1439389185547904
1439389186110325
1439389186735240
1439389187297660
1439389187922580
1439389188547500
1439389189109919
1439389189734838
1439389190297261
1439389190922178
1439389191547101
1439389192109520
1439389192734438
1439389193359359
1439389193921777
1439389194546697
1439389195109118
1439389195734040
1439389196358963
1439389196921384
1439389197483804
1439389198108724
1439389198671146
1439389199296068
1439389199858490
1439389200483414
1439389201045832
1439389201608255
1439389202233177
1439389202795599
1439389203420520
1439389203982941
1439389204607861
1439389205170283
1439389205732703
1439389206357627
1439389206920044
1439389207544967
1439389208107389
1439389208732311
1439389209294730
1439389209919651
1439389210482073
1439389211107048
1439389211669511
1439389212169467
1439389212669423
1439389213169357
1439389213669273
1439389214169192
1439389214669110
1439389215169030
1439389215668951
1439389216168872
1439389216668794
1439389217168712
1439389217668650
1439389218168614
1439389218731083
1439389219231037
1439389219730978
1439389220230898
1439389220730850
1439389221230766
1439389221730716
1439389222230633
1439389222730554
1439389223230475
1439389223730396
1439389224230317
1439389224730292
1439389225230250
1439389225730175
1439389226230094
1439389226730031
1439389227229983
1439389227729903
1439389228229852
1439389228729770
1439389229229690
1439389229729607
1439389230229542
1439389230729508
1439389231229438
1439389231729358
1439389232229280
1439389232729202
1439389233229123
1439389233729078
1439389234229044
1439389234728982
1439389235228900
1439389235728851
1439389236228768
1439389236728718
1439389237228634
1439389237728557
1439389238228476
1439389238728395
1439389239228350
1439389239728307
1439389240228252
1439389240728170
1439389241228092
1439389241728012
1439389242227934
1439389242727858
1439389243227780
1439389243727697
1439389244227613
1439389244727533
1439389245227455
1439389245727375
1439389246352296
1439389246914717
1439389247539637
1439389248102101
1439389248727065
1439389249227021
1439389249726981
1439389250226919
1439389250726849
1439389251226767
1439389251726703
1439389252226651
1439389252726589
1439389253226522
1439389253726455
1439389254226379
1439389254726300
1439389255226218
1439389255726141
1439389256226076
1439389256726039
1439389257225990
1439389257725923
1439389258225853
1439389258725790
1439389259225723
1439389259725639
1439389260225559
1439389260725482
1439389261225399
1439389261725316
1439389262225240
1439389262725156
1439389263225075
1439389263725003
1439389264224970
1439389264787407
1439389265287325
1439389265787248
1439389266287165
1439389266787086
1439389267287004
1439389267849425
1439389268474345
1439389269036764
1439389269661686
1439389270286604
1439389270849028
1439389271473947
1439389272036364
1439389272661285
1439389273286248
1439389273848716
1439389274348669
1439389274848641
1439389275348565
1439389275848486
1439389276348406
1439389276848370
1439389277348308
1439389277848240
1439389278348166
1439389278848085
1439389279348007
1439389279847927
1439389280347851
1439389280847773
1439389281347689
1439389281847609
1439389282347528
1439389282847450
1439389283347374
1439389283909794
1439389284472211
1439389285097130
1439389285722047
1439389286284466
1439389286909411
1439389287534373
1439389288096847
1439389288596791
1439389289096744
1439389289596660
1439389290096582
1439389290596500
1439389291096416
1439389291596335
1439389292096252
1439389292596168
1439389293096087
1439389293596006
1439389294158427
1439389294720850
1439389295283267
1439389295908186
1439389296533152
1439389297095619
1439389297658081
1439389298158037
1439389298657957
1439389299157902
1439389299657825
1439389300157745
1439389300657666
1439389301157586
1439389301657504
1439389302157425
1439389302657345
1439389303157292
1439389303657255
1439389304157232
1439389304657153
1439389305157073
1439389305656995
1439389306156915
1439389306656836
1439389307156758
1439389307656676
1439389308156598
1439389308656520
1439389309156442
1439389309656360
1439389310218782
1439389310843704
1439389311406124
1439389312031046
1439389312593464
1439389313218386
1439389313843305
1439389314405730
1439389315030649
1439389315593067
1439389316217989
1439389316780411
1439389317405331
1439389317967747
1439389318592670
1439389319217592
1439389319780011
1439389320342434
1439389320967357
1439389321592277
1439389322154699
1439389322717123
1439389323342043
1439389323904463
1439389324466885
1439389325091805
1439389325716725
1439389326279149
1439389326904069
1439389327466492
1439389328028914
1439389328653838
1439389329216259
1439389329778678
1439389330403599
1439389330966020
1439389331590986
1439389332153451
1439389332715889
1439389333215813
1439389333715728
1439389334215649
1439389334715571
1439389335215494
1439389335715415
1439389336215340
1439389336715260
1439389337277679
1439389337902601
1439389338465022
1439389339089946
1439389339714863
1439389340277285
1439389340839708
1439389341464626
1439389342027048
1439389342651973
1439389343214392
1439389343839314
1439389344401735
1439389344964155
1439389345589075
1439389346213996
1439389346776417
1439389347401339
1439389347963762
1439389348526185
1439389349151106
1439389349713569
1439389350338535
1439389350838491
1439389351338458
1439389351838391
1439389352338323
1439389352838242
1439389353338164
1439389353838084
1439389354338007
1439389354837926
1439389355337847
1439389355837768
1439389356337690
1439389356837611
1439389357337530
1439389357837449
1439389358399872
1439389359024805
1439389359587215
1439389360212134
1439389360774559
1439389361399476
1439389361961896
1439389362586814
1439389363149236
1439389363774156
1439389364336575
1439389364961499
1439389365586417
1439389366148839
1439389366773761
1439389367336181
1439389367961103
1439389368523569
1439389369086036
1439389369648509
1439389370148455
1439389370648386
1439389371148309
1439389371648231
1439389372148180
1439389372648119
1439389373148038
1439389373647957
1439389374147893
1439389374647855
1439389375147777
1439389375647697
1439389376147619
1439389376647550
1439389377147515
1439389377647446
1439389378147387
1439389378647321
1439389379147248
1439389379647167
1439389380147089
1439389380647010
1439389381146933
1439389381646850
1439389382146772
1439389382646711
1439389383146676
1439389383646632
1439389384146595
1439389384646511
1439389385146431
1439389385646391
1439389386146315
1439389386646237
1439389387146157
1439389387646120
1439389388146054
1439389388645976
1439389389145922
1439389389645841
1439389390145794
1439389390645716
1439389391145638
1439389391645560
1439389392145479
1439389392645400
1439389393145320
1439389393645242
1439389394145162
1439389394645119
1439389395145083
1439389395645049
1439389396144996
1439389396644915
1439389397144838
1439389397644759
1439389398144681
1439389398644598
1439389399144520
1439389399644459
1439389400144419
1439389400644373
1439389401144294
1439389401644217
1439389402144136
1439389402644061
1439389403144023
1439389403643970
1439389404143892
1439389404643823
1439389405143792
1439389405643724
1439389406143664
1439389406643598
1439389407143526
1439389407643465
1439389408143394
1439389408643324
1439389409143249
1439389409643170
1439389410143093
1439389410643014
1439389411142935
1439389411642866
1439389412142832
1439389412642800
1439389413142720
1439389413642651
1439389414142599
1439389414642535
1439389415142460
1439389415642380
1439389416142304
1439389416642221
1439389417142143
1439389417642057
1439389418141977
1439389418641952
1439389419141917
1439389419641869
1439389420141786
1439389420641706
1439389421141643
1439389421641581
1439389422141519
1439389422641467
1439389423141404
1439389423641335
1439389424141262
1439389424641184
1439389425141132
1439389425641053
1439389426140974
1439389426640938
1439389427140864
1439389427640784
1439389428140702
1439389428640624
1439389429140544
1439389429640464
1439389430140383
1439389430640306
1439389431140223
1439389431640145
1439389432140065
1439389432702489
1439389433327404
1439389433889828
1439389434514748
1439389435077187
1439389435702153
1439389436264618
1439389436764556
1439389437264497
1439389437764419
1439389438264335
1439389438764257
1439389439264173
1439389439764148
1439389440264114
1439389440764059
1439389441263983
1439389441763905
1439389442263825
1439389442763791
1439389443263715
1439389443763634
1439389444263556
1439389444763478
1439389445263400
1439389445763322
1439389446263245
1439389446763170
1439389447263091
1439389447763012
1439389448262934
1439389448762854
1439389449325274
1439389449887713
1439389450512687
1439389451075143
1439389451575099
1439389452075055
1439389452574979
1439389453074898
1439389453574822
1439389454074790
1439389454574706
1439389455074628
1439389455574545
1439389456074468
1439389456574392
1439389457074306
1439389457574230
1439389458074148
1439389458574069
1439389459073988
1439389459573907
1439389460198829
1439389460823748
1439389461386168
1439389462011089
1439389462573508
1439389463198474
1439389463760943
1439389464323380
1439389464823304
1439389465323223
1439389465823144
1439389466323067
1439389466823007
1439389467322973
1439389467822921
1439389468322852
1439389468822818
1439389469322757
1439389469822693
1439389470322622
1439389470822544
1439389471322483
1439389471822405
1439389472322361
1439389472822283
1439389473322226
1439389473822163
1439389474322092
1439389474822020
1439389475321943
1439389475821866
1439389476321785
1439389476821709
1439389477321646
1439389477821567
1439389478321488
1439389478821411
1439389479321332
1439389479821255
1439389480321177
1439389480821098
1439389481321017
1439389481945936
1439389482508357
1439389483133287
1439389483758253
1439389484320728
1439389484820693
1439389485320632
1439389485820566
1439389486320498
1439389486820416
1439389487320336
1439389487820257
1439389488320176
1439389488820115
1439389489320087
1439389489820024
1439389490319944
1439389490819862
1439389491319785
1439389491819722
1439389492319677
1439389492819601
1439389493319518
1439389493819437
1439389494319365
1439389494819334
1439389495319293
1439389495819230
1439389496319167
1439389496819100
1439389497319037
1439389497818971
1439389498318901
1439389498818838
1439389499318768
1439389499818704
1439389500318638
1439389500818557
1439389501318493
1439389501818439
1439389502318372
1439389502818293
1439389503318214
1439389503818131
1439389504318053
1439389504817972
1439389505317894
1439389505817857
1439389506317825
1439389506817773
1439389507317698
1439389507817619
1439389508317541
1439389508817458
1439389509317382
1439389509817302
1439389510317221
1439389510817143
1439389511317065
1439389511816983
1439389512316905
1439389512879325
1439389513441748
1439389514066668
1439389514629088
1439389515254011
1439389515816466
1439389516441430
1439389516941401
1439389517441336
1439389517941254
1439389518441170
1439389518941148
1439389519441092
1439389519941017
1439389520440937
1439389520940859
1439389521440779
1439389521940699
1439389522440622
1439389522940540
1439389523440461
1439389523940382
1439389524440302
1439389524940224
1439389525502643
1439389526065066
1439389526689987
1439389527252409
1439389527877330
1439389528439751
1439389529064675
1439389529627093
1439389530252012
1439389530814436
1439389531439351
1439389532064270
1439389532626692
1439389533251610
1439389533876555
1439389534501518
1439389535063992
1439389535563950
1439389536063863
1439389536563793
1439389537063749
1439389537563668
1439389538063588
1439389538563513
1439389539063430
1439389539563347
1439389540063321
1439389540563278
1439389541063220
1439389541563144
1439389542063064
1439389542562988
1439389543062909
1439389543562828
1439389544062747
1439389544562667
1439389545062593
1439389545562508
1439389546062430
1439389546562353
1439389547124771
1439389547687192
1439389548249613
1439389548874534
1439389549499458
1439389550061882
1439389550624354
1439389551249320
1439389551749260
1439389552249226
1439389552749148
1439389553249070
1439389553749029
1439389554248945
1439389554748865
1439389555248784
1439389555748709
1439389556248629
1439389556748552
1439389557248473
1439389557748397
1439389558248315
1439389558748237
1439389559248162
1439389559810581
1439389560435503
1439389560997925
1439389561560347
1439389562185269
1439389562747688
1439389563372609
1439389563935031
1439389564559953
1439389565122371
1439389565747291
1439389566372213
1439389566934633
1439389567497055
1439389568121976
1439389568684396
1439389569309317
1439389569871739
1439389570496655
1439389571121577
1439389571683998
1439389572308920
1439389572871340
1439389573496260
1439389574121179
1439389574683598
1439389575308521
1439389575933440
1439389576495860
1439389577120782
1439389577683201
1439389578308117
1439389578933040
1439389579495462
1439389580120383
1439389580682805
1439389581245229
1439389581870149
1439389582432572
1439389583057494
1439389583619916
1439389584182339
1439389584807262
1439389585369683
1439389585932106
1439389586557024
1439389587119445
1439389587744367
1439389588306784
1439389588931706
1439389589556627
1439389590119049
1439389590743969
1439389591306391
1439389591931310
1439389592493729
1439389593118648
1439389593743567
1439389594305988
1439389594930909
1439389595493332
1439389596118254
1439389596680675
1439389597305595
1439389597868015
1439389598492939
1439389599055357
1439389599680278
1439389600242697
1439389600867621
1439389601492544
1439389602054961
1439389602679883
1439389603242305
1439389603867227
1439389604429649
1439389604992072
1439389605616995
1439389606179416
1439389606741832
1439389607366751
1439389607991672
1439389608616591
1439389609179009
1439389609803929
1439389610428850
1439389610991268
1439389611616191
1439389612241108
1439389612803527
1439389613428450
1439389614053369
1439389614615786
1439389615240709
1439389615865632
1439389616428053
1439389616990480
1439389617615402
1439389618177822
1439389618740242
1439389619365163
1439389619927588
1439389620490006
1439389621114928
1439389621739844
1439389622302265
1439389622927187
1439389623552109
1439389624114532
1439389624676956
1439389625301875
1439389625864298
1439389626426721
1439389627051642
1439389627614060
1439389628238984
1439389628801404
1439389629426323
1439389629988740
1439389630613663
1439389631238585
1439389631801008
1439389632425931
1439389632988350
1439389633550774
1439389634175693
1439389634738113
1439389635363035
1439389635925457
1439389636550382
1439389637112818
1439389637675240
1439389638237662
1439389638737582
1439389639362502
1439389639924921
1439389640549843
1439389641112269
1439389641737188
1439389642299632
1439389642924562
1439389643486983
1439389643986904
1439389644486843
1439389645049264
1439389645549186
1439389646111607
1439389646674027
1439389647236448
1439389647861369
1439389648486298
1439389649048745
1439389649673714
1439389650173681
1439389650673634
1439389651173567
1439389651673487
1439389652173406
1439389652673329
1439389653173252
1439389653673176
1439389654173095
1439389654673051
1439389655173026
1439389655672981
1439389656172909
1439389656672841
1439389657172779
1439389657672701
1439389658172617
1439389658672537
1439389659172456
1439389659672378
1439389660172300
1439389660672220
1439389661172167
1439389661672134
1439389662172106
1439389662672037
1439389663171954
1439389663671874
1439389664171799
1439389664671734
1439389665171698
1439389665671648
1439389666171582
1439389666671503
1439389667171428
1439389667671354
1439389668171313
1439389668671236
1439389669171158
1439389669671076
1439389670171002
1439389670670919
1439389671170841
1439389671670758
1439389672170681
1439389672670601
1439389673170522
1439389673670443
1439389674232863
1439389674857784
1439389675420204
1439389676045176
1439389676607640
1439389677107608
1439389677607556
1439389678107477
1439389678607399
1439389679107318
1439389679607244
1439389680107161
1439389680607081
1439389681107043
1439389681607022
1439389682106963
1439389682606883
1439389683106829
1439389683606751
1439389684106674
1439389684606606
1439389685106564
1439389685606481
1439389686106428
1439389686606362
1439389687106297
1439389687606229
1439389688106164
1439389688606084
1439389689106023
1439389689605943
1439389690105899
1439389690605820
1439389691105743
1439389691605662
1439389692105584
1439389692605501
1439389693105424
1439389693605345
1439389694105265
1439389694605183
1439389695105156
1439389695605119
1439389696105065
1439389696605033
1439389697104957
1439389697604879
1439389698104799
1439389698604720
1439389699104643
1439389699604565
1439389700104484
1439389700604404
1439389701104324
1439389701604243
1439389702104165
1439389702666623
1439389703229095
1439389703729051
1439389704229016
1439389704728949
1439389705228884
1439389705728819
1439389706228737
1439389706728689
1439389707228619
1439389707728554
1439389708228485
1439389708728409
1439389709228331
1439389709728251
1439389710228198
1439389710728148
1439389711228075
1439389711728019
1439389712227936
1439389712727884
1439389713227812
1439389713727758
1439389714227685
1439389714727623
1439389715227556
1439389715727486
1439389716227405
1439389716727324
1439389717227291
1439389717727213
1439389718227132
1439389718727054
1439389719226976
1439389719726899
1439389720226872
1439389720726827
1439389721226753
1439389721726674
1439389722226596
1439389722726516
1439389723226482
1439389723726413
1439389724226334
1439389724726257
1439389725226177
1439389725726099
1439389726226017
1439389726725940
1439389727225861
1439389727725783
1439389728225706
1439389728725627
1439389729225546
1439389729850468
1439389730475387
1439389731037808
1439389731662748
1439389732225171
1439389732787589
1439389733287508
1439389733912431
1439389734474850
1439389735099770
1439389735724690
1439389736287112
1439389736912029
1439389737474450
1439389738099370
1439389738724288
1439389739286704
1439389739911622
1439389740536551
1439389741161484
1439389741723958
1439389742286422
1439389742786389
1439389743286321
1439389743786261
1439389744286182
1439389744786124
1439389745286045
1439389745785963
1439389746285883
1439389746785805
1439389747285725
1439389747785645
1439389748285565
1439389748785488
1439389749285407
1439389749785329
1439389750285248
1439389750910166
1439389751535087
1439389752097507
1439389752722428
1439389753347344
1439389753909765
1439389754534687
1439389755097110
1439389755722033
1439389756284455
1439389756846882
1439389757471852
1439389758034317
1439389758534284
1439389759034233
1439389759534155
1439389760034073
1439389760533991
1439389761033933
1439389761533888
1439389762033809
1439389762533765
1439389763033685
1439389763533608
1439389764033566
1439389764533502
1439389765033434
1439389765533363
1439389766033281
1439389766533201
1439389767033123
1439389767533045
1439389768032967
1439389768532890
1439389769032814
1439389769532750
1439389770032707
1439389770532672
1439389771032639
1439389771532560
1439389772032498
1439389772532439
1439389773032364
1439389773532287
1439389774032211
1439389774532129
1439389775032053
1439389775531973
1439389776031934
1439389776531905
1439389777031827
1439389777531745
1439389778031666
1439389778531587
1439389779031536
1439389779531484
1439389780031404
1439389780531326
1439389781031247
1439389781531169
1439389782031092
1439389782531035
1439389783030953
1439389783530874
1439389784030795
1439389784530752
1439389785030709
1439389785530647
1439389786030609
1439389786530579
1439389787030500
1439389787530423
1439389788030344
1439389788530304
1439389789030235
1439389789530156
1439389790030081
1439389790530035
1439389791029974
1439389791529893
1439389792029843
1439389792529762
1439389793029683
1439389793529604
1439389794029527
1439389794529450
1439389795029373
1439389795529294
1439389796029216
1439389796529138
1439389797029060
1439389797529033
1439389798028998
1439389798528964
1439389799028916
1439389799528848
1439389800028782
1439389800528715
1439389801028648
1439389801528583
1439389802028513
1439389802528444
1439389803028373
1439389803528294
1439389804028248
1439389804528165
1439389805028085
1439389805528009
1439389806027928
1439389806527841
1439389807027756
1439389807527678
1439389808027596
1439389808527516
1439389809027439
1439389809652359
1439389810214780
1439389810839701
1439389811402124
1439389812027045
1439389812589471
1439389813151889
1439389813776855
1439389814339321
1439389814839286
1439389815339244
1439389815839171
1439389816339109
1439389816839038
1439389817338956
1439389817838874
1439389818338797
1439389818838720
1439389819338673
1439389819838595
1439389820338515
1439389820838434
1439389821338355
1439389821838275
1439389822338198
1439389822838119
1439389823338037
1439389823900461
1439389824525378
1439389825087798
1439389825712719
1439389826337641
1439389826900072
1439389827525038
1439389828087513
1439389828587472
1439389829087417
1439389829587341
1439389830087256
1439389830587172
1439389831087088
1439389831587008
1439389832086928
1439389832586850
1439389833086772
1439389833586692
1439389834086612
1439389834649034
1439389835273957
1439389835836378
1439389836398798
1439389837023722
1439389837586176
1439389838211150
1439389838711115
1439389839211070
1439389839710988
1439389840210918
1439389840710872
1439389841210796
1439389841710717
1439389842210643
1439389842710562
1439389843210483
1439389843710431
1439389844210397
1439389844710336
1439389845210260
1439389845710176
1439389846210098
1439389846710027
1439389847209995
1439389847709915
1439389848209876
1439389848709809
1439389849209730
1439389849709649
1439389850209606
1439389850709542
1439389851209468
1439389851709410
1439389852209344
1439389852709272
1439389853209194
1439389853709117
1439389854209079
1439389854709010
1439389855208944
1439389855708864
1439389856208783
1439389856708721
1439389857208678
1439389857708595
1439389858208512
1439389858708433
1439389859208391
1439389859708343
1439389860208264
1439389860708207
1439389861208131
1439389861708083
1439389862208006
1439389862707943
1439389863207880
1439389863707806
1439389864207750
1439389864707683
1439389865207615
1439389865707532
1439389866207454
1439389866707416
1439389867207336
1439389867707258
1439389868207179
1439389868707101
1439389869207020
1439389869706941
1439389870206864
1439389870706785
1439389871206723
1439389871706689
1439389872206655
1439389872706610
1439389873206552
1439389873706472
1439389874206393
1439389874706332
1439389875206281
1439389875706205
1439389876206128
1439389876706043
1439389877205965
1439389877705884
1439389878205805
1439389878705729
1439389879205648
1439389879705573
1439389880205496
1439389880705417
1439389881267836
1439389881830285
1439389882455250
1439389882955226
1439389883455188
1439389883955119
1439389884455037
1439389884954960
1439389885454883
1439389885954802
1439389886454725
1439389886954647
1439389887454569
1439389887954493
1439389888454411
1439389888954339
1439389889454304
1439389890016741
1439389890516701
1439389891016672
1439389891516594
1439389892016515
1439389892516439
1439389893016358
1439389893516300
1439389894016219
1439389894516141
1439389895016099
1439389895516021
1439389896015940
1439389896515861
1439389897015820
1439389897515793
1439389898015712
1439389898515667
1439389899015621
1439389899515546
1439389900015469
1439389900515386
1439389901015309
1439389901515246
1439389902015203
1439389902515155
1439389903015089
1439389903515023
1439389904014950
1439389904514869
1439389905014790
1439389905514710
1439389906014630
1439389906514555
1439389907014469
1439389907514391
1439389908014315
1439389908514234
1439389909014180
1439389909514144
1439389910076598
1439389910576535
1439389911076456
1439389911576380
1439389912076299
1439389912576223
1439389913076145
1439389913576064
1439389914075986
1439389914575907
1439389915138330
1439389915763252
1439389916325675
1439389916950594
1439389917513014
1439389918137933
1439389918762856
1439389919325278
1439389919887703
1439389920512625
1439389921075044
1439389921637464
1439389922262383
1439389922824801
1439389923449725
1439389924074644
1439389924637066
1439389925261984
1439389925824407
1439389926449324
1439389927074245
1439389927699165
1439389928261587
1439389928886505
1439389929448923
1439389930073847
1439389930698766
1439389931261185
1439389931886106
1439389932511026
1439389933073446
1439389933698365
1439389934260785
1439389934885706
1439389935510627
1439389936073044
1439389936697966
1439389937260382
1439389937885302
1439389938510224
1439389939135146
1439389939697568
1439389940259988
1439389940884912
1439389941447331
1439389942072253
1439389942634675
1439389943259597
1439389943822017
1439389944446939
1439389945009363
1439389945634288
1439389946196704
1439389946759128
1439389947384046
1439389947946472
1439389948571392
1439389949133811
1439389949758734
1439389950321155
1439389950883578
1439389951508499
1439389952070920
1439389952695839
1439389953258258
1439389953883180
1439389954508105
1439389955070525
1439389955632945
1439389956257866
1439389956820287
1439389957445208
1439389958007632
1439389958632605
1439389959195028
1439389959694948
1439389960194873
1439389960694809
1439389961194775
1439389961757237
1439389962257174
1439389962757094
1439389963257019
1439389963756934
1439389964256856
1439389964756776
1439389965256696
1439389965756619
1439389966256539
1439389966818957
1439389967443880
1439389968006305
1439389968631227
1439389969193644
1439389969818566
1439389970380986
1439389971005907
1439389971568326
1439389972193249
1439389972818167
1439389973380589
1439389974005510
1439389974567930
1439389975192848
1439389975755266
1439389976380188
1439389977005110
1439389977567531
1439389978192447
1439389978754871
1439389979379792
1439389980004714
1439389980567134
1439389981192055
1439389981754476
1439389982379398
1439389982941821
1439389983504241
1439389984129163
1439389984691586
1439389985254010
1439389985878929
1439389986503883
1439389987066357
1439389987566321
1439389988066271
1439389988566211
1439389989066130
1439389989566054
1439389990065992
1439389990565946
1439389991065866
1439389991565805
1439389992065728
1439389992565648
1439389993065594
1439389993565542
1439389994065463
1439389994565389
1439389995065352
1439389995565272
1439389996065191
1439389996565115
1439389997065072
1439389997565007
1439389998064929
1439389998564852
1439389999064817
1439389999564756
1439390000064679
1439390000564617
1439390001064546
1439390001564472
1439390002064388
1439390002564356
1439390003064274
1439390003564212
1439390004064144
1439390004564064
1439390005063983
1439390005563916
1439390006063824
1439390006563744
1439390007063668
1439390007563588
1439390008063551
1439390008563515
1439390009063437
1439390009563359
1439390010063277
1439390010563199
1439390011063118
1439390011563032
1439390012062986
1439390012625409
1439390013125329
1439390013625274
1439390014125240
1439390014687697
1439390015187652
1439390015687604
1439390016187523
1439390016687478
1439390017187395
1439390017687345
1439390018187266
1439390018687187
1439390019187144
1439390019687065
1439390020186986
1439390020686907
1439390021186826
1439390021686799
1439390022186736
1439390022686660
1439390023186591
1439390023686514
1439390024186435
1439390024686354
1439390025186310
1439390025686268
1439390026186189
1439390026686147
1439390027186068
1439390027685992
1439390028185912
1439390028685838
1439390029185756
1439390029685681
1439390030185600
1439390030685521
1439390031185440
1439390031685361
1439390032185335
1439390032685300
1439390033185266
1439390033685218
1439390034185146
1439390034685085
1439390035185017
1439390035684934
1439390036184853
1439390036684775
1439390037184692
1439390037684615
1439390038184536
1439390038684452
1439390039184371
1439390039684292
1439390040184213
1439390040746635
1439390041309057
1439390041933980
1439390042496397
1439390043121316
1439390043746239
1439390044308659
1439390044933579
1439390045495998
1439390046120928
1439390046683395
1439390047308367
1439390047808308
1439390048308274
1439390048808192
1439390049308111
1439390049808031
1439390050307953
1439390050807874
1439390051307795
1439390051807714
1439390052307636
1439390052807556
1439390053307478
1439390053807399
1439390054369820
1439390054994742
1439390055557162
1439390056182081
1439390056744502
1439390057369455
1439390057994411
1439390058494343
1439390058994308
1439390059494264
1439390059994182
1439390060494102
1439390060994025
1439390061493948
1439390061993868
1439390062493790
1439390062993714
1439390063493635
1439390063993558
1439390064493481
1439390065055904
1439390065680825
1439390066243261
1439390066868183
1439390067368107
1439390067868027
1439390068493002
1439390069055466
1439390069555417
1439390070055352
1439390070555308
1439390071055245
1439390071555167
1439390072055091
1439390072555014
1439390073054930
1439390073554852
1439390074054768
1439390074554691
1439390075054611
1439390075554532
1439390076054450
1439390076554367
1439390077179287
1439390077804208
1439390078429168
1439390078991604
1439390079491543
1439390079991504
1439390080491441
1439390080991395
1439390081491358
1439390081991291
1439390082491212
1439390082991135
1439390083491053
1439390083990975
1439390084490900
1439390084990817
1439390085490738
1439390085990658
1439390086490581
1439390086990503
1439390087490425
1439390088052847
1439390088615269
1439390089240189
1439390089802610
1439390090427532
1439390091052451
1439390091614890
1439390092177365
1439390092739823
1439390093239761
1439390093739736
1439390094239670
1439390094739603
1439390095239521
1439390095739441
1439390096239363
1439390096739285
1439390097239204
1439390097739125
1439390098239045
1439390098739003
1439390099238968
1439390099738934
1439390100238870
1439390100738805
1439390101238732
1439390101738651
1439390102238573
1439390102738492
1439390103238412
1439390103738332
1439390104238255
1439390104738174
1439390105238092
1439390105738010
1439390106237936
1439390106800356
1439390107425275
1439390107987698
1439390108550120
1439390109175040
1439390109737463
1439390110362427
1439390110924894
1439390111424865
1439390111924818
1439390112424753
1439390112924685
1439390113424615
1439390113924553
1439390114424480
1439390114924418
1439390115424345
1439390115924281
1439390116424201
1439390116924149
1439390117424078
1439390117923997
1439390118423938
1439390118923875
1439390119423794
1439390119923717
1439390120423638
1439390120923576
1439390121423553
1439390121923473
1439390122423413
1439390122923353
1439390123423274
1439390123923194
1439390124423151
1439390124923084
1439390125423006
1439390125922928
1439390126422849
1439390126922771
1439390127422692
1439390127922615
1439390128422589
1439390128922543
1439390129422485
1439390129922405
1439390130422326
1439390130922293
1439390131422214
1439390131922137
1439390132422078
1439390132922024
1439390133421942
1439390133921863
1439390134421782
1439390134921705
1439390135421641
1439390135921606
1439390136421538
1439390136921474
1439390137421423
1439390137921340
1439390138421278
1439390138921224
1439390139421163
1439390139921098
1439390140421029
1439390140920963
1439390141420883
1439390141920802
1439390142420765
1439390142920684
1439390143420606
1439390143920529
1439390144420450
1439390144920396
1439390145420363
1439390145920293
1439390146420231
1439390146920157
1439390147420079
1439390147920000
1439390148419922
1439390148919844
1439390149419768
1439390149919685
1439390150419608
1439390150919532
1439390151419453
1439390151919374
1439390152419295
1439390152981716
1439390153544140
1439390154169061
1439390154793979
1439390155356401
1439390155981323
1439390156543746
1439390157106169
1439390157731091
1439390158293566
1439390158856032
1439390159355999
1439390159855949
1439390160355871
1439390160855792
1439390161355714
1439390161855633
1439390162355554
1439390162855473
1439390163355398
1439390163855319
1439390164355237
1439390164855160
1439390165355079
1439390165917501
1439390166479973
1439390167104939
1439390167604906
1439390168104852
1439390168604777
1439390169104696
1439390169604613
1439390170104534
1439390170604481
1439390171104445
1439390171604366
1439390172104286
1439390172604207
1439390173104183
1439390173604120
1439390174104052
1439390174603985
1439390175103923
1439390175603855
1439390176103779
1439390176603700
1439390177103619
1439390177603576
1439390178103496
1439390178603417
1439390179103338
1439390179603261
1439390180103183
1439390180603105
1439390181103038
1439390181602944
1439390182102864
1439390182602784
1439390183165202
1439390183790125
1439390184352546
1439390184977469
1439390185539891
1439390186102355
1439390186727322
1439390187227277
1439390187727245
1439390188227179
1439390188727112
1439390189227035
1439390189726978
1439390190226912
1439390190726830
1439390191226753
1439390191726676
1439390192226599
1439390192726518
1439390193226440
1439390193726363
1439390194226325
1439390194726291
1439390195226230
1439390195726168
1439390196226116
1439390196726049
1439390197225972
1439390197725890
1439390198225804
1439390198725721
1439390199225644
1439390199725572
1439390200225538
1439390200725513
1439390201225452
1439390201725372
1439390202225293
1439390202725249
1439390203225169
1439390203725089
1439390204225046
1439390204724975
1439390205224897
1439390205724843
1439390206224788
1439390206724719
1439390207224644
1439390207724582
1439390208224504
1439390208724425
1439390209224363
1439390209724305
1439390210224224
1439390210724165
1439390211224119
1439390211724035
1439390212223955
1439390212723876
1439390213223799
1439390213723765
1439390214223711
1439390214723630
1439390215223590
1439390215723514
1439390216223433
1439390216723378
1439390217223309
1439390217723229
1439390218223150
1439390218723070
1439390219223029
1439390219722991
1439390220222927
1439390220722848
1439390221222790
1439390221722728
1439390222222649
1439390222722566
1439390223222486
1439390223722407
1439390224222331
1439390224722250
1439390225222172
1439390225722093
1439390226222017
1439390226721938
1439390227221860
1439390227784278
1439390228346701
1439390228971620
1439390229534042
1439390230158981
1439390230721456
1439390231283914
1439390231783853
1439390232283808
1439390232783730
1439390233283691
1439390233783625
1439390234283549
1439390234783471
1439390235283394
1439390235783315
1439390236283235
1439390236783161
1439390237283076
1439390237782999
1439390238282915
1439390238782840
1439390239282755
1439390239845175
1439390240407589
1439390241032510
1439390241657429
1439390242282352
1439390242907313
1439390243469781
1439390243969753
1439390244469703
1439390244969630
1439390245469553
1439390245969467
1439390246469422
1439390246969357
1439390247469280
1439390247969196
1439390248469153
1439390248969108
1439390249469038
1439390249968974
1439390250468908
1439390250968841
1439390251468775
1439390251968709
1439390252468641
1439390252968561
1439390253468479
1439390253968396
1439390254468315
1439390254968230
1439390255468149
1439390255968064
1439390256467983
1439390256967926
1439390257530392
1439390258092831
1439390258592804
1439390259092743
1439390259592663
1439390260092585
1439390260592508
1439390261092428
1439390261592344
1439390262092258
1439390262592180
1439390263092102
1439390263592022
1439390264154442
1439390264779362
1439390265341781
1439390265966703
1439390266591623
1439390267154045
1439390267778967
1439390268341389
1439390268903812
1439390269528734
1439390270091151
1439390270716069
1439390271340989
1439390271903409
1439390272528329
1439390273153283
1439390273715722
1439390274278157
1439390274778122
1439390275278085
1439390275778024
1439390276277943
1439390276777866
1439390277277787
1439390277777708
1439390278277630
1439390278777552
1439390279277471
1439390279777393
1439390280277314
1439390280777235
1439390281402154
1439390281964576
1439390282589495
1439390283151917
1439390283776838
1439390284339264
1439390284964182
1439390285526624
1439390286151597
1439390286714063
1439390287214022
1439390287713961
1439390288213892
1439390288713815
1439390289213736
1439390289713651
1439390290213593
1439390290713557
1439390291213485
1439390291713429
1439390292213353
1439390292713275
1439390293213222
1439390293713140
1439390294213060
1439390294712980
1439390295212899
1439390295712820
1439390296212743
1439390296712665
1439390297212587
1439390297712507
1439390298212463
1439390298712438
1439390299274878
1439390299774840
1439390300274792
1439390300774712
1439390301274630
1439390301774589
1439390302274509
1439390302774427
1439390303274348
1439390303774292
1439390304274261
1439390304774179
1439390305274119
1439390305774054
1439390306273974
1439390306773922
1439390307273862
1439390307773787
1439390308273708
1439390308773632
1439390309273573
1439390309773530
1439390310273464
1439390310773395
1439390311273333
1439390311773264
1439390312273190
1439390312773111
1439390313273030
1439390313772952
1439390314272871
1439390314772789
1439390315272709
1439390315772647
1439390316272586
1439390316772507
1439390317272426
1439390317772350
1439390318272285
1439390318772223
1439390319334680
1439390319834652
1439390320334583
1439390320834550
1439390321334495
1439390321834416
1439390322334333
1439390322834259
1439390323334181
1439390323834101
1439390324334050
1439390324834016
1439390325333958
1439390325833878
1439390326333798
1439390326833721
1439390327333660
1439390327833600
1439390328333524
1439390328833444
1439390329333377
1439390329833341
1439390330333280
1439390330833203
1439390331333126
1439390331833048
1439390332332971
1439390332832919
1439390333332886
1439390333832809
1439390334332728
1439390334832654
1439390335332573
1439390335832496
1439390336332416
1439390336832341
1439390337332264
1439390337832181
1439390338332104
1439390338832027
1439390339394449
1439390340019372
1439390340581829
1439390341144250
1439390341706688
1439390342206607
1439390342706529
1439390343206450
1439390343768873
1439390344331297
1439390344893717
1439390345518637
1439390346081061
1439390346705982
1439390347268405
1439390347893327
1439390348455747
1439390349018172
1439390349643093
1439390350205512
1439390350830467
1439390351392890
1439390351955326
1439390352455266
1439390352955190
1439390353455109
1439390353955031
1439390354454954
1439390355017377
1439390355579795
1439390356204715
1439390356829637
1439390357392060
1439390358016976
1439390358579396
1439390359204315
1439390359829236
1439390360454156
1439390361016576
1439390361641496
1439390362203968
1439390362828937
1439390363328891
1439390363828850
1439390364328784
1439390364828708
1439390365328630
1439390365828578
1439390366328514
1439390366828444
1439390367328362
1439390367828283
1439390368328205
1439390368828126
1439390369328050
1439390369827970
1439390370327894
1439390370827816
1439390371327738
1439390371827660
1439390372327585
1439390372890011
1439390373452427
1439390374014859
1439390374639825
1439390375202300
1439390375702242
1439390376202196
1439390376702139
1439390377202070
1439390377702005
1439390378201934
1439390378701856
1439390379201802
1439390379701743
1439390380201664
1439390380701585
1439390381201525
1439390381701446
1439390382201369
1439390382701291
1439390383201213
1439390383701133
1439390384201056
1439390384700981
1439390385200899
1439390385700848
1439390386200812
1439390386700769
1439390387200725
1439390387700679
1439390388200599
1439390388700539
1439390389200474
1439390389700393
1439390390200328
1439390390700281
1439390391200228
1439390391700132
1439390392200052
1439390392700016
1439390393199950
1439390393699873
1439390394199807
1439390394699744
1439390395199668
1439390395699597
1439390396199550
1439390396699483
1439390397199413
1439390397699353
1439390398199284
1439390398699208
1439390399199150
1439390399699086
1439390400199019
1439390400698948
1439390401198880
1439390401698803
1439390402198729
1439390402698645
1439390403198594
1439390403698553
1439390404198483
1439390404698403
1439390405198351
1439390405698282
1439390406198219
1439390406698155
1439390407198077
1439390407698005
1439390408197950
1439390408697871
1439390409197793
1439390409697717
1439390410197638
1439390410697558
1439390411197515
1439390411697484
1439390412197425
1439390412697362
1439390413197282
1439390413697200
1439390414197120
1439390414697060
1439390415197029
1439390415696958
1439390416196878
1439390416696799
1439390417196719
1439390417696677
1439390418196625
1439390418696548
1439390419196466
1439390419696404
1439390420196365
1439390420696287
1439390421196216
1439390421696164
1439390422196100
1439390422696021
1439390423195941
1439390423695902
1439390424195817
1439390424695739
1439390425195702
1439390425695631
1439390426195549
1439390426695480
1439390427195436
1439390427695365
1439390428195297
1439390428695226
1439390429195149
1439390429695069
1439390430194989
1439390430694911
1439390431194837
1439390431694758
1439390432194680
1439390432694598
1439390433194518
1439390433694442
1439390434194406
1439390434756871
1439390435319336
1439390435819289
1439390436319217
1439390436819139
1439390437319059
1439390437818978
1439390438318900
1439390438818822
1439390439318743
1439390439818663
1439390440318586
1439390440818506
1439390441318427
1439390441818348
1439390442443270
1439390443005693
1439390443568114
1439390444193039
1439390444755459
1439390445380381
1439390445942802
1439390446505226
1439390447130146
1439390447692571
1439390448317488
1439390448879906
1439390449504827
1439390450129749
1439390450692169
1439390451254590
1439390451879506
1439390452504427
1439390453129344
1439390453691765
1439390454316681
1439390454941603
1439390455566525
1439390456191444
1439390456753864
1439390457316284
1439390457941204
1439390458566125
1439390459128546
1439390459753464
1439390460315940
1439390460940897
1439390461440818
1439390461940747
1439390462440713
1439390462940688
1439390463440620
1439390463940536
1439390464440455
1439390464940378
1439390465440317
1439390465940237
1439390466440155
1439390466940068
1439390467439986
1439390467939907
1439390468439848
1439390468939818
1439390469502274
1439390470002192
1439390470502167
1439390471002119
1439390471502041
1439390472001986
1439390472501911
1439390473001850
1439390473501768
1439390474001686
1439390474501606
1439390475001544
1439390475501510
1439390476001455
1439390476501375
1439390477001299
1439390477501216
1439390478001173
1439390478501124
1439390479001045
1439390479500966
1439390480000891
1439390480500809
1439390481000756
1439390481500723
1439390482000642
1439390482500566
1439390483000519
1439390483500441
1439390484000359
1439390484500282
1439390485000200
1439390485500121
1439390486000043
1439390486499963
1439390486999881
1439390487499801
1439390487999725
1439390488562144
1439390489124563
1439390489749485
1439390490374405
1439390490936825
1439390491561747
1439390492124168
1439390492749101
1439390493311525
1439390493936463
1439390494498882
1439390494998821
1439390495498777
1439390496061243
1439390496561192
1439390497061112
1439390497561031
1439390498060949
1439390498560870
1439390499060792
1439390499560715
1439390500060631
1439390500560551
1439390501122973
1439390501747894
1439390502310311
1439390502935234
1439390503560152
1439390504122576
1439390504747495
1439390505309913
1439390505934832
1439390506559752
1439390507184672
1439390507747093
1439390508372014
1439390508934464
1439390509559427
1439390510121882
1439390510621829
1439390511121780
1439390511621711
1439390512121660
1439390512621595
1439390513121526
1439390513621461
1439390514121396
1439390514621315
1439390515121234
1439390515621153
1439390516121074
1439390516620995
1439390517120920
1439390517620839
1439390518120758
1439390518620706
1439390519120673
1439390519620629
1439390520120600
1439390520620523
1439390521120445
1439390521620366
1439390522120287
1439390522620255
1439390523120193
1439390523620115
1439390524120037
1439390524619958
1439390525119882
1439390525619828
1439390526119794
1439390526619734
1439390527119670
1439390527619591
1439390528119511
1439390528619433
1439390529119355
1439390529619278
1439390530119197
1439390530619120
1439390531119043
1439390531618962
1439390532118881
1439390532618818
1439390533181242
1439390533743662
1439390534243584
1439390534806040
1439390535368517
1439390535930971
1439390536430927
1439390536930856
1439390537430780
1439390537930700
1439390538430620
1439390538930541
1439390539430461
1439390539930383
1439390540430301
1439390540930224
1439390541430144
1439390541930064
1439390542492486
1439390543054914
1439390543679880
1439390544242352
1439390544742317
1439390545242260
1439390545742198
1439390546242114
1439390546742033
1439390547241973
1439390547741932
1439390548241854
1439390548741770
1439390549241694
1439390549741614
1439390550241532
1439390550741449
1439390551241383
1439390551741288
1439390552241209
1441186652690741
1441186653190744
1441186653690755
1441186654190750
1441186654690753
1441186655190755
1441186655690763
1441186656190764
1441186656690768
1441186657190770
1441186657690770
1441186658190775
1441186658690778
1441186659190781
1441186659690788
1441186660190788
1441186660690795
1441186661190798
1441186661690797
1441186662190803
1441186662690810
1441186663190811
1441186663690815
1441186664190819
1441186664753323
1441186665378325
1441186665940832
1441186666565833
1441186667128336
1441186667753340
1441186668378344
1441186668940848
1441186669565852
1441186670128361
1441186670753360
1441186671315863
1441186671940868
1441186672565870
1441186673128372
1441186673753377
1441186674315882
1441186674940885
1441186675503387
1441186676128391
1441186676690898
1441186677315900
1441186677940907
1441186678565908
1441186679128411
1441186679753421
1441186680315920
1441186680940921
1441186681565929
1441186682190934
1441186682753436
1441186683378439
1441186683940945
1441186684565949
1441186685128450
1441186685753455
1441186686315956
1441186686940963
1441186687503464
1441186688128470
1441186688690973
1441186689315979
1441186689878482
1441186690503486
1441186691128489
1441186691690996
1441186692253497
1441186692878510
1441186693441002
1441186694003500
1441186694503507
1441186695003508
1441186695503512
1441186696003514
1441186696503517
1441186697003522
1441186697503524
1441186698003528
1441186698503531
1441186699003535
1441186699503538
1441186700003539
1441186700503541
1441186701003546
1441186701503550
1441186702003551
1441186702503556
1441186703003559
1441186703503563
1441186704003567
1441186704503568
1441186705003572
1441186705503576
1441186706003579
1441186706503581
1441186707003588
1441186707503590
1441186708003598
1441186708503601
1441186709003604
1441186709503606
1441186710003613
1441186710503614
1441186711003618
1441186711503625
1441186712066126
1441186712628631
1441186713253636
1441186713816138
1441186714441143
1441186715066149
1441186715691151
1441186716316154
1441186716878658
1441186717441157
1441186717941162
1441186718441166
1441186718941167
1441186719441171
1441186719941175
1441186720441179
1441186720941185
1441186721441187
1441186721941195
1441186722441202
1441186722941204
1441186723441207
1441186724066210
1441186724691213
1441186725316216
1441186725941220
1441186726503722
1441186727128725
1441186727628726
1441186728128732
1441186728628734
1441186729128736
1441186729628741
1441186730128747
1441186730628747
1441186731128749
1441186731628755
1441186732128758
1441186732628762
1441186733128765
1441186733628768
1441186734128771
1441186734628779
1441186735128780
1441186735628784
1441186736128788
1441186736628792
1441186737128799
1441186737628799
1441186738128803
1441186738628808
1441186739128807
1441186739628809
1441186740128815
1441186740628818
1441186741128820
1441186741628825
1441186742128829
1441186742628833
1441186743128842
1441186743628841
1441186744128847
1441186744628851
1441186745128853
1441186745691355
1441186746191358
1441186746691364
1441186747191362
1441186747691366
1441186748191372
1441186748691377
1441186749191381
1441186749691386
1441186750191387
1441186750691391
1441186751191397
1441186751691402
1441186752191407
1441186752816409
1441186753441417
1441186754066419
1441186754691426
1441186755316427
1441186755941430
1441186756503932
1441186757003932
1441186757503937
1441186758003941
1441186758503944
1441186759003953
1441186759503949
1441186760003953
1441186760503961
1441186761003964
1441186761503964
1441186762003972
1441186762503970
1441186763003975
1441186763503982
1441186764003984
1441186764503990
1441186765003994
1441186765503997
1441186766004004
1441186766504005
1441186767004010
1441186767504014
1441186768066521
1441186768691528
1441186769316530
1441186769879034
1441186770504035
1441186771129040
1441186771691544
1441186772316551
1441186772879053
1441186773504060
1441186774129076
1441186774691568
1441186775316575
1441186775941576
1441186776504082
1441186777129080
1441186777691592
1441186778191588
1441186778691595
1441186779191604
1441186779691600
1441186780191607
1441186780691613
1441186781254113
1441186781816615
1441186782441617
1441186782941619
1441186783441622
1441186783941626
1441186784441630
1441186784941634
1441186785441640
1441186785941647
1441186786441651
1441186786941654
1441186787441653
1441186787941658
1441186788441662
1441186788941666
1441186789441671
1441186789941675
1441186790441680
1441186790941684
1441186791441686
1441186791941691
1441186792441690
1441186792941698
1441186793441697
1441186793941703
1441186794441706
1441186794941710
1441186795441713
1441186795941716
1441186796441719
1441186796941722
1441186797441728
1441186797941733
1441186798441735
1441186798941736
1441186799441741
1441186799941747
1441186800441748
1441186800941753
1441186801441757
1441186801941761
1441186802441765
1441186802941769
1441186803441772
1441186803941776
1441186804441779
1441186804941786
1441186805441786
1441186805941792
1441186806441797
1441186806941799
1441186807441806
1441186807941809
1441186808441813
1441186808941815
1441186809441818
1441186809941823
1441186810441823
1441186810941828
1441186811441831
1441186811941836
1441186812441840
1441186812941847
1441186813441851
1441186813941855
1441186814441855
1441186814941858
1441186815441864
1441186815941868
1441186816441871
1441186816941875
1441186817441882
1441186817941886
1441186818441892
1441186818941889
1441186819441894
1441186819941897
1441186820441899
1441186820941905
1441186821441909
1441186821941915
1441186822441918
1441186822941922
1441186823441931
1441186823941932
1441186824441937
1441186824941940
1441186825441941
1441186826004446
1441186826504446
1441186827004450
1441186827504456
1441186828004462
1441186828504465
1441186829004468
1441186829504474
1441186830004478
1441186830504483
1441186831004487
1441186831504493
1441186832004493
1441186832504504
1441186833004496
1441186833504503
1441186834004502
1441186834504509
1441186835004510
1441186835504514
1441186836004519
1441186836504524
1441186837004528
1441186837504539
1441186838004539
1441186838504541
1441186839004546
1441186839504551
1441186840004553
1441186840504554
1441186841004557
1441186841504562
1441186842004566
1441186842504576
1441186843004576
1441186843504580
1441186844004585
1441186844504590
1441186845004594
1441186845504599
1441186846004603
1441186846629607
1441186847192113
1441186847817117
1441186848379624
1441186849004627
1441186849629632
1441186850192136
1441186850817144
1441186851379646
1441186852004650
1441186852629655
1441186853192163
1441186853754661
1441186854317169
1441186854817174
1441186855317177
1441186855879680
1441186856504685
1441186857067191
1441186857692197
1441186858317204
1441186858942206
1441186859567212
1441186860192215
1441186860817217
1441186861442224
1441186861942225
1441186862442230
1441186862942235
1441186863442239
1441186864067243
1441186864629751
1441186865129758
1441186865692259
1441186866317264
1441186866879768
1441186867504771
1441186868067273
1441186868692279
1441186869192282
1441186869692286
1441186870192290
1441186870692293
1441186871192298
1441186871692298
1441186872192303
1441186872692307
1441186873192315
1441186873692316
1441186874192321
1441186874692326
1441186875192333
1441186875692337
1441186876192341
1441186876817347
1441186877379849
1441186878004850
1441186878567356
1441186879067355
1441186879567362
1441186880067366
1441186880567369
1441186881067374
1441186881567376
1441186882067381
1441186882567386
1441186883067391
1441186883567395
1441186884067398
1441186884567406
1441186885067409
1441186885567414
1441186886067421
1441186886567421
1441186887067427
1441186887692437
1441186888254936
1441186888879944
1441186889442447
1441186890067453
1441186890692455
1441186891254962
1441186891817464
1441186892442471
1441186893004974
1441186893629980
1441186894192481
1441186894754984
1441186895317488
1441186895817488
1441186896317494
1441186896817497
1441186897317501
1441186897817505
1441186898317512
1441186898817515
1441186899317520
1441186899817525
1441186900317530
1441186900817538
1441186901317541
1441186901817542
1441186902317546
1441186902880053
1441186903380051
1441186903880053
1441186904380062
1441186904880061
1441186905380066
1441186905880073
1441186906380075
1441186906880082
1441186907380084
1441186907880088
1441186908380097
1441186908880098
1441186909380103
1441186909880110
1441186910380113
1441186910880117
1441186911442625
1441186912005127
1441186912630133
1441186913192639
1441186913817644
1441186914442646
1441186915005151
1441186915630158
1441186916192663
1441186916817670
1441186917380171
1441186918005176
1441186918630181
1441186919192685
1441186919817693
1441186920380196
1441186921005201
1441186921567707
1441186922192715
1441186922817717
1441186923380222
1441186924005227
1441186924567733
1441186925192734
1441186925817740
1441186926380249
1441186926942752
1441186927567753
1441186928130263
1441186928755263
1441186929317768
1441186929942776
1441186930567778
1441186931130281
1441186931755284
1441186932255287
1441186932755292
1441186933255292
1441186933755299
1441186934255301
1441186934755304
1441186935255309
1441186935755314
1441186936255318
1441186936755329
1441186937255330
1441186937755334
1441186938255338
1441186938755343
1441186939255348
1441186939755355
1441186940255363
1441186940817865
1441186941380366
1441186942005370
1441186942567874
1441186943067876
1441186943567879
1441186944067884
1441186944567887
1441186945067890
1441186945567900
1441186946067898
1441186946567906
1441186947067907
1441186947567912
1441186948067917
1441186948567922
1441186949067928
1441186949567934
1441186950067940
1441186950567945
1441186951067943
1441186951567946
1441186952067949
1441186952567951
1441186953067958
1441186953567964
1441186954067965
1441186954567974
1441186955067990
1441186955567982
1441186956067985
1441186956567991
1441186957067999
1441186957568005
1441186958068008
1441186958568008
1441186959130508
1441186959630515
1441186960130516
1441186960630520
1441186961130525
1441186961630529
1441186962130536
1441186962630536
1441186963130541
1441186963630544
1441186964130551
1441186964630558
1441186965130567
1441186965630567
1441186966130569
1441186966630575
1441186967130579
1441186967630580
1441186968130586
1441186968630591
1441186969130601
1441186969630603
1441186970130606
1441186970630614
1441186971130616
1441186971755622
1441186972318124
1441186972943130
1441186973443129
1441186973943130
1441186974443140
1441186974943141
1441186975443143
1441186975943150
1441186976443153
1441186976943158
1441186977443160
1441186977943163
1441186978443174
1441186978943174
1441186979443179
1441186979943184
1441186980443189
1441186980943195
1441186981443199
1441186981943198
1441186982443205
1441186982943209
1441186983443211
1441186983943215
1441186984443220
1441186984943225
1441186985443234
1441186985943234
1441186986443239
1441186986943246
1441186987443247
1441186987943268
1441186988443257
1441186988943262
1441186989443270
1441186989943276
1441186990443279
1441186990943285
1441186991505788
1441186992068292
1441186992630792
1441186993130797
1441186993630798
1441186994130804
1441186994630812
1441186995130815
1441186995630819
1441186996130823
1441186996630832
1441186997130834
1441186997630837
1441186998130839
1441186998630841
1441186999130847
1441186999630851
1441187000130855
1441187000630862
1441187001130863
1441187001630869
1441187002130870
1441187002630878
1441187003130884
1441187003630886
1441187004130892
1441187004630901
1441187005130902
1441187005630909
1441187006130914
1441187006630919
1441187007130925
1441187007693426
1441187008318433
1441187008943438
1441187009505946
1441187010130951
1441187010755955
1441187011380960
1441187012005966
1441187012568472
1441187013193475
1441187013818480
1441187014443489
1441187015068490
1441187015630997
1441187016256003
1441187016881007
1441187017506012
1441187018068518
1441187018693524
1441187019318526
1441187019943531
1441187020506038
1441187021068543
1441187021693548
1441187022256055
1441187022881060
1441187023506062
1441187024068570
1441187024693574
1441187025256079
1441187025881086
1441187026443594
1441187027068595
1441187027693602
1441187028318607
1441187028881112
1441187029506115
1441187030131121
1441187030693625
1441187031193630
1441187031693636
1441187032318641
1441187032943642
1441187033506146
1441187034068649
1441187034568651
1441187035068659
1441187035568661
1441187036068669
1441187036568671
1441187037068679
1441187037568684
1441187038068691
1441187038568696
1441187039131201
1441187039756205
1441187040381211
1441187041006214
1441187041631221
1441187042193729
1441187042818733
1441187043443736
1441187044068745
1441187044631248
1441187045256253
1441187045881259
1441187046506267
1441187047068768
1441187047693775
1441187048318779
1441187048943786
1441187049568791
1441187050193796
1441187050756303
1441187051381308
1441187052006310
1441187052568817
1441187053193823
1441187053256324
1441187053881330
1441187054506332
1441187055131340
1441187055756345
1441187056381349
1441187056943849
1441187057506352
1441187058006357
1441187058506359
1441187059006363
1441187059506369
1441187060006372
1441187060506378
1441187061006382
1441187061506385
1441187062006390
1441187062506396
1441187063006403
1441187063506403
1441187064006406
1441187064506411
1441187065006418
1441187065506425
1441187066006426
1441187066506429
1441187067006434
1441187067506438
1441187068006448
1441187068506447
1441187069006449
1441187069506454
1441187070006460
1441187070506465
1441187071006471
1441187071506476
1441187072006486
1441187072506486
1441187073006493
1441187073506496
1441187074006499
1441187074506502
1441187075006505
1441187075506508
1441187076006512
1441187076506517
1441187077006524
1441187077506530
1441187078006534
1441187078506538
1441187079006541
1441187079506544
1441187080006550
1441187080506554
1441187081006560
1441187081506563
1441187082006569
1441187082506575
1441187083006578
1441187083506583
1441187084006588
1441187084506593
1441187085006600
1441187085506604
1441187086006612
1441187086569116
1441187087194121
1441187087819126
1441187088444129
1441187089006634
1441187089569135
1441187090069138
1441187090569143
1441187091069145
1441187091569151
1441187092069156
1441187092569163
1441187093069166
1441187093569170
1441187094069174
1441187094569180
1441187095069185
1441187095569188
1441187096069194
1441187096569198
1441187097069206
1441187097569214
1441187098069215
1441187098569221
1441187099069229
1441187099631731
1441187100194236
1441187100819244
1441187101381750
1441187102006754
1441187102631758
1441187103194266
1441187103819271
1441187104444277
1441187105069276
1441187105694279
1441187106194281
1441187106694286
1441187107194291
1441187107694298
1441187108194300
1441187108694306
1441187109194307
1441187109694313
1441187110194321
1441187110694326
1441187111194335
1441187111694333
1441187112194339
1441187112694340
1441187113194346
1441187113694353
1441187114194357
1441187114694363
1441187115194367
1441187115694372
1441187116194378
1441187116694386
1441187117194390
1441187117756894
1441187118381899
1441187119006902
1441187119569404
1441187120131907
1441187120631910
1441187121131915
1441187121631921
1441187122131926
1441187122631931
1441187123131937
1441187123631942
1441187124131947
1441187124631955
1441187125131960
1441187125631964
1441187126131972
1441187126694471
1441187127194477
1441187127694482
1441187128194487
1441187128756994
1441187129382001
1441187129944500
1441187130569504
1441187131069509
1441187131569517
1441187132069522
1441187132569527
1441187133069528
1441187133632032
1441187134132037
1441187134632040
1441187135132046
1441187135632050
1441187136132054
1441187136632057
1441187137132060
1441187137632066
1441187138132071
1441187138632077
1441187139132081
1441187139632085
1441187140132089
1441187140632095
1441187141132103
1441187141632108
1441187142132114
1441187142632118
1441187143132126
1441187143694627
1441187144257135
1441187144882139
1441187145507143
1441187146069650
1441187146632151
1441187147132153
1441187147632157
1441187148132158
1441187148632166
1441187149132169
1441187149632175
1441187150132181
1441187150632189
1441187151132191
1441187151632197
1441187152132207
1441187152632205
1441187153132208
1441187153632210
1441187154132214
1441187154632220
1441187155132224
1441187155632230
1441187156132235
1441187156632241
1441187157132246
1441187157632248
1441187158132252
1441187158632255
1441187159132259
1441187159632269
1441187160132269
1441187160632277
1441187161132279
1441187161632298
1441187162132292
1441187162632296
1441187163132298
1441187163632300
1441187164132306
1441187164632310
1441187165132316
1441187165632322
1441187166132324
1441187166632330
1441187167132333
1441187167632338
1441187168132341
1441187168632346
1441187169132353
1441187169632355
1441187170132362
1441187170632365
1441187171132370
1441187171632376
1441187172132406
1441187172632387
1441187173132394
1441187173632402
1441187174132406
1441187174632409
1441187175132416
1441187175694916
1441187176319921
1441187176819922
1441187177319925
1441187177819930
1441187178319937
1441187178819939
1441187179319944
1441187179819949
1441187180319957
1441187180819959
1441187181319969
1441187181819969
1441187182319975
1441187182819981
1441187183319982
1441187183819988
1441187184319990
1441187184819997
1441187185320003
1441187185820004
1441187186320012
1441187186820014
1441187187320020
1441187187820025
1441187188320031
1441187188820036
1441187189320045
1441187189820047
1441187190320055
1441187190820055
1441187191320058
1441187191882562
1441187192382566
1441187192882569
1441187193382576
1441187193882579
1441187194382583
1441187194882595
1441187195382594
1441187195882601
1441187196382606
1441187196882610
1441187197382612
1441187197882618
1441187198382622
1441187198882625
1441187199382631
1441187199882642
1441187200382658
1441187200882647
1441187201382649
1441187201882654
1441187202382656
1441187202882663
1441187203382670
1441187203882671
1441187204382681
1441187204882682
1441187205382685
1441187205882691
1441187206382694
1441187206882699
1441187207382703
1441187207882711
1441187208382713
1441187208882721
1441187209382726
1441187209882730
1441187210382735
1441187210882743
1441187211382745
1441187211882751
1441187212382761
1441187212882766
1441187213382768
1441187213945273
1441187214507782
1441187215132784
1441187215695289
1441187216320294
1441187216945297
1441187217445299
1441187217945304
1441187218445307
1441187218945311
1441187219445318
1441187219945319
1441187220445326
1441187220945330
1441187221445333
1441187221945339
1441187222445344
1441187222945351
1441187223445353
1441187223945358
1441187224445363
1441187224945370
1441187225445374
1441187225945379
1441187226445382
1441187226945385
1441187227445391
1441187227945396
1441187228445403
1441187228945405
1441187229445410
1441187229945414
1441187230445421
1441187230945427
1441187231445431
1441187231945441
1441187232445444
1441187232945449
1441187233445453
1441187233945460
1441187234445466
1441187234945471
1441187235507976
1441187236132980
1441187236757989
1441187237320493
1441187237945501
1441187238570505
1441187239133008
1441187239758015
1441187240258019
1441187240758024
1441187241258031
1441187241883032
1441187242445537
1441187243008044
1441187243508044
1441187244008051
1441187244508050
1441187245008054
1441187245508061
1441187246008067
1441187246508073
1441187247008078
1441187247508082
1441187248008091
1441187248508095
1441187249008101
1441187249508109
1441187250008115
1441187250570618
1441187251195623
1441187251820627
1441187252445635
1441187253008139
1441187253633149
1441187254195650
1441187254695651
1441187255195654
1441187255695659
1441187256195663
1441187256695664
1441187257195668
1441187257695673
1441187258195677
1441187258695682
1441187259195688
1441187259695694
1441187260195697
1441187260695702
1441187261195707
1441187261695711
1441187262195716
1441187262695721
1441187263195727
1441187263695731
1441187264195737
1441187264695741
1441187265195749
1441187265695754
1441187266195758
1441187266695763
1441187267195768
1441187267695767
1441187268195773
1441187268695778
1441187269195782
1441187269695787
1441187270195797
1441187270695798
1441187271195801
1441187271695806
1441187272195811
1441187272695815
1441187273195822
1441187273695825
1441187274195830
1441187274695836
1441187275195839
1441187275695844
1441187276195852
1441187276695853
1441187277195860
1441187277695864
1441187278195872
1441187278695874
1441187279195882
1441187279695885
1441187280195891
1441187280695898
1441187281195902
1441187281695901
1441187282195907
1441187282695910
1441187283195915
1441187283695920
1441187284195923
1441187284695929
1441187285195935
1441187285695940
1441187286195946
1441187286695952
1441187287195954
1441187287695956
1441187288195962
1441187288695968
1441187289195971
1441187289695976
1441187290195982
1441187290695987
1441187291195991
1441187291695997
1441187292196002
1441187292696008
1441187293196011
1441187293696015
1441187294196018
1441187294696024
1441187295196029
1441187295696035
1441187296196038
1441187296696043
1441187297196049
1441187297696056
1441187298196061
1441187298696062
1441187299196065
1441187299696071
1441187300196077
1441187300696086
1441187301196088
1441187301696092
1441187302196094
1441187302696103
1441187303196103
1441187303696109
1441187304196115
1441187304696120
1441187305196124
1441187305696130
1441187306196138
1441187306696139
1441187307196144
1441187307696149
1441187308196152
1441187308696157
1441187309196163
1441187309696167
1441187310196172
1441187310696178
1441187311196182
1441187311696186
1441187312196194
1441187312696197
1441187313196202
1441187313696203
1441187314196209
1441187314696215
1441187315196220
1441187315696225
1441187316196228
1441187316696233
1441187317196242
1441187317696243
1441187318196248
1441187318696253
1441187319196259
1441187319696262
1441187320196266
1441187320696272
1441187321196277
1441187321696286
1441187322196287
1441187322696295
1441187323196299
1441187323696304
1441187324196308
1441187324696315
1441187325196316
1441187325696320
1441187326196325
1441187326696330
1441187327196337
1441187327696342
1441187328196348
1441187328696355
1441187329196359
1441187329696365
1441187330196371
1441187330696376
1441187331196382
1441187331821388
1441187332383893
1441187333008899
1441187333571408
1441187334196411
1441187334758916
1441187335383917
1441187335946421
1441187336446425
1441187336946431
1441187337446441
1441187337946443
1441187338446450
1441187338946454
1441187339446462
1441187339946469
1441187340508978
1441187341133975
1441187341696479
1441187342258983
1441187342758985
1441187343258993
1441187343758997
1441187344259003
1441187344759008
1441187345259016
1441187345759024
1441187346259026
1441187346759031
1441187347321537
1441187347884042
1441187348509049
1441187349071558
1441187349634059
1441187350259060
1441187350821563
1441187351321565
1441187351821572
1441187352321576
1441187352821581
1441187353321586
1441187353821594
1441187354321601
1441187354821606
1441187355321611
1441187355821617
1441187356321625
1441187356821631
1441187357321635
1441187357821655
1441187358446644
1441187359009150
1441187359634155
1441187360196661
1441187360759169
1441187361384175
1441187361946680
1441187362571684
1441187363196696
1441187363759199
1441187364321705
1441187364946709
1441187365509219
1441187366134219
1441187366696724
1441187367321730
1441187367884236
1441187368509242
1441187369071750
1441187369696756
1441187370259262
1441187370884265
1441187371509271
1441187372071776
1441187372696785
1441187373259290
1441187373884295
1441187374446799
1441187375009302
1441187375509307
1441187376009313
1441187376509319
1441187377071825
1441187377634330
1441187378259336
1441187378821840
1441187379446842
1441187379946847
1441187380446849
1441187380946855
1441187381446858
1441187381946863
1441187382446869
1441187382946873
1441187383446880
1441187383946883
1441187384446887
1441187384946893
1441187385446901
1441187385946910
1441187386446910
1441187386946911
1441187387446916
1441187387946922
1441187388446930
1441187388946933
1441187389446942
1441187389946945
1441187390446950
1441187390946960
1441187391446962
1441187391946970
1441187392446975
1441187393009480
1441187393571986
1441187394196994
1441187394759497
1441187395384503
1441187395947011
1441187396572018
1441187397134523
1441187397759527
1441187398384534
1441187398947039
1441187399572044
1441187400134549
1441187400759558
1441187401322063
1441187401947069
1441187402509573
1441187403134579
1441187403697084
1441187404322090
1441187404884589
1441187405384596
1441187405884597
1441187406384601
1441187406884609
1441187407384617
1441187407884620
1441187408384625
1441187408884632
1441187409384638
1441187409884646
1441187410384647
1441187410884653
1441187411384662
1441187411884664
1441187412447172
1441187413072178
1441187413634682
1441187414259686
1441187414884693
1441187415384691
1441187415884693
1441187416384698
1441187416884704
1441187417384710
1441187417884717
1441187418384723
1441187418884729
1441187419384730
1441187419884734
1441187420384740
1441187420884746
1441187421384748
1441187421884755
1441187422384762
1441187422884764
1441187423384770
1441187423884775
1441187424384781
1441187424884788
1441187425384796
1441187425884798
1441187426384804
1441187426884810
1441187427384816
1441187427884818
1441187428384822
1441187428884831
1441187429384841
1441187429884842
1441187430384852
1441187430947353
1441187431509856
1441187432134856
1441187432634861
1441187433134864
1441187433634869
1441187434134875
1441187434634880
1441187435134885
1441187435634892
1441187436134895
1441187436634901
1441187437134904
1441187437634909
1441187438134916
1441187438634937
1441187439134923
1441187439634935
1441187440134936
1441187440634938
1441187441134944
1441187441634948
1441187442134954
1441187442634970
1441187443134965
1441187443634970
1441187444134973
1441187444634979
1441187445134983
1441187445634988
1441187446134992
1441187446634997
1441187447135004
1441187447635008
1441187448135014
1441187448635019
1441187449135023
1441187449635027
1441187450135034
1441187450635040
1441187451135045
1441187451635049
1441187452135053
1441187452635058
1441187453135064
1441187453635065
1441187454135072
1441187454635075
1441187455135083
1441187455635088
1441187456135094
1441187456635101
1441187457135104
1441187457635106
1441187458135113
1441187458635120
1441187459135122
1441187459635125
1441187460135131
1441187460635135
1441187461135141
1441187461635146
1441187462135153
1441187462635156
1441187463135160
1441187463635166
1441187464135171
1441187464635178
1441187465135182
1441187465635186
1441187466135191
1441187466635197
1441187467135201
1441187467635205
1441187468135211
1441187468635216
1441187469135223
1441187469635227
1441187470135233
1441187470635235
1441187471135241
1441187471635246
1441187472135251
1441187472635257
1441187473135263
1441187473635271
1441187474135275
1441187474635277
1441187475135280
1441187475635284
1441187476135293
1441187476635296
1441187477135298
1441187477635308
1441187478135313
1441187478635321
1441187479135324
1441187479635329
1441187480135334
1441187480635340
1441187481135339
1441187481635344
1441187482135349
1441187482635379
1441187483135362
1441187483635366
1441187484135373
1441187484635380
1441187485135379
1441187485635385
1441187486135392
1441187486635396
1441187487135400
1441187487635402
1441187488135412
1441187488635415
1441187489135420
1441187489635428
1441187490135434
1441187490635439
1441187491135444
1441187491635455
1441187492135455
1441187492635463
1441187493135469
1441187493635475
1441187494260478
1441187494885481
1441187495385487
1441187495885492
1441187496385491
1441187496885495
1441187497385505
1441187497885511
1441187498385514
1441187498885516
1441187499385521
1441187499885525
1441187500385531
1441187500885536
1441187501385541
1441187501885548
1441187502385551
1441187502885557
1441187503385564
1441187503885568
1441187504385574
1441187504885578
1441187505385581
1441187505885586
1441187506385594
1441187506885595
1441187507385601
1441187507885608
1441187508385611
1441187508885619
1441187509385624
1441187509885630
1441187510385635
1441187510885641
1441187511385650
1441187511885656
1441187512385660
1441187512885666
1441187513510672
1441187514135677
1441187514635680
1441187515198181
1441187515698184
1441187516198190
1441187516698195
1441187517198202
1441187517698207
1441187518198211
1441187518698217
1441187519198223
1441187519698229
1441187520198235
1441187520698243
1441187521198249
1441187521698254
1441187522198264
1441187522823265
1441187523385771
1441187524010776
1441187524573284
1441187525198290
1441187525760795
1441187526385801
1441187527010809
1441187527573313
1441187528198318
1441187528760827
1441187529385833
1441187529948340
1441187530573343
1441187531135848
1441187531760855
1441187532323362
1441187532948369
1441187533573387
1441187534135878
1441187534760885
1441187535323390
1441187535948396
1441187536510902
1441187537073408
1441187537698416
1441187538260921
1441187538885927
1441187539448432
1441187540073440
1441187540635947
1441187541260953
1441187541823456
1441187542448463
1441187543010968
1441187543635974
1441187544260980
1441187544823489
1441187545385992
1441187546011001
1441187546636004
1441187547198510
1441187547823518
1441187548386022
1441187549011032
1441187549573536
1441187550198540
1441187550823546
1441187551386054
1441187551948559
1441187552573570
1441187553198572
1441187553761081
1441187554386082
1441187554948589
1441187555573594
1441187556136101
1441187556761109
1441187557323614
1441187557948620
1441187558573624
1441187559136130
1441187559698636
1441187560323656
1441187560886148
1441187561511154
1441187562073663
1441187562698669
1441187563261172
1441187563886178
1441187564448687
1441187565011189
1441187565636197
1441187566198704
1441187566823708
1441187567448716
1441187568011220
1441187568636229
1441187569198735
1441187569823738
1441187570386243
1441187571011245
1441187571511247
1441187572011250
1441187572511256
1441187573011261
1441187573511267
1441187574011279
1441187574511279
1441187575011285
1441187575511290
1441187576011298
1441187576511297
1441187577011302
1441187577511306
1441187578011312
1441187578511316
1441187579011322
1441187579511328
1441187580011332
1441187580511335
1441187581011342
1441187581511346
1441187582011353
1441187582511358
1441187583011362
1441187583511366
1441187584011374
1441187584511382
1441187585011383
1441187585511390
1441187586011394
1441187586511404
1441187587011407
1441187587511413
1441187588011419
1441187588511428
1441187589011433
1441187589511437
1441187590073941
1441187590636443
1441187591198946
1441187591698949
1441187592198958
1441187592698961
1441187593198970
1441187593698971
1441187594198976
1441187594698981
1441187595198985
1441187595698993
1441187596198999
1441187596699001
1441187597199005
1441187597699012
1441187598199021
1441187598699021
1441187599199025
1441187599699031
1441187600199036
1441187600699041
1441187601199050
1441187601699053
1441187602199058
1441187602699066
1441187603199069
1441187603699073
1441187604199081
1441187604699086
1441187605199093
1441187605699099
1441187606199108
1441187606699111
1441187607199121
1441187607699128
1441187608199126
1441187608824131
1441187609324135
1441187609824137
1441187610324141
1441187610824146
1441187611324154
1441187611824159
1441187612324178
1441187612824167
1441187613324170
1441187613824179
1441187614324182
1441187614824186
1441187615324192
1441187615824202
1441187616324200
1441187616824206
1441187617324209
1441187617824219
1441187618324222
1441187618824227
1441187619324233
1441187619824237
1441187620324242
1441187620824249
1441187621324252
1441187621824257
1441187622324262
1441187622824268
1441187623324271
1441187623824277
1441187624324286
1441187624824291
1441187625324291
1441187625824302
1441187626324306
1441187626824309
1441187627324316
1441187627824322
1441187628324330
1441187628824337
1441187629324344
1441187629824347
1441187630324353
1441187630824358
1441187631386862
1441187631886866
1441187632386866
1441187632886869
1441187633386876
1441187633886881
1441187634386885
1441187634886891
1441187635386896
1441187635886903
1441187636386908
1441187636886914
1441187637386919
1441187637886921
1441187638386929
1441187638886934
1441187639386938
1441187639886947
1441187640386953
1441187640886957
1441187641386965
1441187641886971
1441187642386979
1441187642886983
1441187643449491
1441187644074498
1441187644637003
1441187645262012
1441187645887015
1441187646512021
1441187647137029
1441187647699534
1441187648324538
1441187648949537
1441187649449539
1441187649949546
1441187650449553
1441187650949558
1441187651449562
1441187651949566
1441187652449570
1441187652949576
1441187653449585
1441187653949585
1441187654449591
1441187654949599
1441187655449603
1441187655949613
1441187656449615
1441187656949621
1441187657449628
1441187657949633
1441187658449641
1441187658949646
1441187659449650
1441187659949656
1441187660449661
1441187660949663
1441187661449667
1441187661949669
1441187662449674
1441187662949684
1441187663449684
1441187663949692
1441187664449698
1441187664949703
1441187665449707
1441187665949711
1441187666449718
1441187666949721
1441187667449728
1441187667949729
1441187668449734
1441187668949741
1441187669449746
1441187669949750
1441187670449758
1441187670949763
1441187671449768
1441187671949771
1441187672449776
1441187672949786
1441187673449790
1441187673949793
1441187674449796
1441187674949816
1441187675449809
1441187675949814
1441187676449822
1441187676949823
1441187677449830
1441187677949833
1441187678449840
1441187678949844
1441187679449848
1441187679949852
1441187680449859
1441187680949865
1441187681449871
1441187681949875
1441187682449879
1441187682949884
1441187683449893
1441187683949900
1441187684449901
1441187684949907
1441187685449910
1441187685949921
1441187686449923
1441187686949924
1441187687449933
1441187687949937
1441187688449943
1441187688949947
1441187689449950
1441187689949956
1441187690449961
1441187690949966
1441187691449972
1441187691949980
1441187692449984
1441187692949993
1441187693450002
1441187693950004
1441187694450009
1441187694950012
1441187695450019
1441187695950024
1441187696450026
1441187696950030
1441187697450038
1441187697950042
1441187698450044
1441187698950049
1441187699450055
1441187699950062
1441187700450066
1441187700950085
1441187701450075
1441187701950081
1441187702450089
1441187702950094
1441187703450095
1441187703950106
1441187704450106
1441187704950116
1441187705450115
1441187705950122
1441187706450127
1441187706950132
1441187707450136
1441187707950143
1441187708450149
1441187708950153
1441187709450159
1441187709950165
1441187710450171
1441187710950174
1441187711450179
1441187711950184
1441187712450193
1441187712950198
1441187713450207
1441187713950209
1441187714450214
1441187714950215
1441187715450221
1441187715950229
1441187716450232
1441187716950238
1441187717450243
1441187717950247
1441187718450252
1441187718950257
1441187719450263
1441187719950268
1441187720450275
1441187720950281
1441187721450282
1441187721950289
1441187722450294
1441187722950299
1441187723450304
1441187723950308
1441187724450315
1441187724950320
1441187725450324
1441187725950332
1441187726450334
1441187726950341
1441187727450346
1441187727950350
1441187728450357
1441187728950363
1441187729450366
1441187729950373
1441187730450377
1441187730950383
1441187731450390
1441187731950395
1441187732450401
1441187732950409
1441187733450415
1441187733950424
1441187734450430
1441187734950433
1441187735450442
1441187735950448
1441187736575447
1441187737200450
1441187737762955
1441187738262958
1441187738762967
1441187739262970
1441187739762976
1441187740262982
1441187740762990
1441187741262995
1441187741763002
1441187742263006
1441187742763014
1441187743263021
1441187743763027
1441187744325531
1441187744950539
1441187745513042
1441187746138043
1441187746638047
1441187747138049
1441187747638057
1441187748138064
1441187748638068
1441187749138075
1441187749638081
1441187750138086
1441187750638093
1441187751138098
1441187751638105
1441187752138111
1441187752638121
1441187753200629
1441187753825632
1441187754450640
1441187755075649
1441187755638152
1441187756263158
1441187756825661
1441187757450669
1441187758075676
1441187758638182
1441187759263191
1441187759825694
1441187760450701
1441187761075710
1441187761638214
1441187762263220
1441187762888226
1441187763450735
1441187764075739
1441187764700745
1441187765325754
1441187765888257
1441187766513265
1441187767138272
1441187767700778
1441187768325782
1441187768888292
1441187769513295
1441187770138302
1441187770763308
1441187771325816
1441187771950819
1441187772513327
1441187773138333
1441187773763343
1441187774388344
1441187774950853
1441187775575859
1441187776138365
1441187776763374
1441187777388381
1441187777950883
1441187778575890
1441187779138393
1441187779763402
1441187780263407
1441187780825921
1441187781450922
1441187782013428
1441187782638433
1441187783263437
1441187783888445
1441187784450949
1441187785075957
1441187785638461
1441187786138466
1441187786638468
1441187787138471
1441187787638474
1441187788138479
1441187788638484
1441187789138490
1441187789638498
1441187790138503
1441187790638511
1441187791138517
1441187791638522
1441187792138522
1441187792638524
1441187793138533
1441187793638539
1441187794138542
1441187794638549
1441187795138553
1441187795638558
1441187796138563
1441187796638567
1441187797138573
1441187797638580
1441187798138587
1441187798638595
1441187799138597
1441187799638602
1441187800138610
1441187800638616
1441187801138619
1441187801638627
1441187802138630
1441187802638636
1441187803138641
1441187803638645
1441187804138648
1441187804638655
1441187805138661
1441187805638670
1441187806138675
1441187806638679
1441187807138685
1441187807638694
1441187808138701
1441187808638706
1441187809263714
1441187809888722
1441187810513723
1441187811076231
1441187811701236
1441187812326244
1441187812888751
1441187813513758
1441187814138758
1441187814701267
1441187815201268
1441187815701273
1441187816201273
1441187816701280
1441187817201283
1441187817701290
1441187818201297
1441187818701302
1441187819201309
1441187819701315
1441187820201321
1441187820701327
1441187821201333
1441187821701339
1441187822201348
1441187822701350
1441187823326356
1441187823888865
1441187824388869
1441187824888875
1441187825451381
1441187826013887
1441187826638894
1441187827263903
1441187827888907
1441187828451415
1441187829076420
1441187829701419
1441187830201425
1441187830701425
1441187831201430
1441187831701441
1441187832201443
1441187832701451
1441187833201458
1441187833701463
1441187834201470
1441187834701475
1441187835201482
1441187835701489
1441187836201496
1441187836826501
1441187837389009
1441187838014016
1441187838639022
1441187839201526
1441187839826533
1441187840389042
1441187841014045
1441187841576552
1441187842201559
1441187842826566
1441187843389073
1441187844014079
1441187844576587
1441187845201591
1441187845764098
1441187846389103
1441187847014111
1441187847639117
1441187848201628
1441187848826627
1441187849389129
1441187849951632
1441187850451637
1441187850951641
1441187851451646
1441187851951652
1441187852451658
1441187852951664
1441187853451673
1441187853951677
1441187854451686
1441187854951690
1441187855451696
1441187855951703
1441187856514211
1441187857076717
1441187857701722
1441187858264230
1441187858889235
1441187859451741
1441187860076752
1441187860639256
1441187861264261
1441187861889266
1441187862451774
1441187863076779
1441187863701789
1441187864326798
1441187864951805
1441187865576809
1441187866201816
1441187866826821
1441187867451828
1441187868076834
1441187868701843
1441187869326847
1441187869951854
1441187870576859
1441187871139367
1441187871764371
1441187872326880
1441187872951886
1441187873576896
1441187874139399
1441187874764406
1441187875389411
1441187875951917
1441187876576923
1441187877139430
1441187877764435
1441187878389442
1441187878951949
1441187879576956
1441187880139462
1441187880764472
1441187881326975
1441187881951979
1441187882576987
1441187883139494
1441187883764499
1441187884327007
1441187884952014
1441187885514517
1441187886139528
1441187886764531
1441187887327039
1441187887889543
1441187888514549
1441187889077058
1441187889702062
1441187890327068
1441187890889574
1441187891452081
1441187892077089
1441187892639597
1441187893202101
1441187893827108
1441187894389612
1441187895014619
1441187895577126
1441187896202131
1441187896827141
1441187897389647
1441187898014650
1441187898577156
1441187899202165
1441187899764669
1441187900389677
1441187900952184
1441187901577191
1441187902139693
1441187902764699
1441187903327199
1441187903827202
1441187904327207
1441187904827213
1441187905327218
1441187905827226
1441187906327231
1441187906827235
1441187907327239
1441187907827245
1441187908327252
1441187908827258
1441187909327265
1441187909827270
1441187910327280
1441187910827283
1441187911327290
1441187911827297
1441187912327303
1441187912889812
1441187913452318
1441187914077322
1441187914702328
1441187915264830
1441187915827332
1441187916327343
1441187916827341
1441187917327347
1441187917827360
1441187918327363
1441187918827368
1441187919327373
1441187919827381
1441187920327387
1441187920827396
1441187921327400
1441187921827407
1441187922452413
1441187923014919
1441187923639928
1441187924264932
1441187924889939
1441187925514946
1441187926077454
1441187926702458
1441187927327470
1441187927952470
1441187928577476
1441187929202489
1441187929764990
1441187930390000
1441187931015002
1441187931640009
1441187932202515
1441187932827521
1441187933390031
1441187934015037
1441187934640043
1441187935265050
1441187935890056
1441187936515063
1441187937140070
1441187937765077
1441187938390084
1441187939015091
1441187939702598
1441187940327604
1441187940952611
1441187941577618
1441187942202625
1441187942827631
1441187943452639
1441187944077645
1441187944702652
1441187945327659
1441187945952669
1441187946577671
1441187947202679
1441187947827685
1441187948452693
1441187949140200
1441187949765205
1441187950390216
1441187951015220
1441187951640225
1441187952327734
1441187952890239
1441187953577746
1441187954202754
1441187954827763
1441187955452767
1441187956077772
1441187956765276
1441187957327776
1441187957827779
1441187958327787
1441187958827791
1441187959327798
1441187959827808
1441187960327811
1441187960827814
1441187961327817
1441187961827824
1441187962327828
1441187962827833
1441187963327839
1441187963827844
1441187964327849
1441187964827855
1441187965327861
1441187965827865
1441187966327871
1441187966827881
1441187967327884
1441187967827889
1441187968327892
1441187968827895
1441187969327906
1441187969827910
1441187970327913
1441187970827920
1441187971327924
1441187971827930
1441187972327936
1441187972827941
1441187973327949
1441187973827953
1441187974327964
1441187974827966
1441187975327974
1441187975827979
1441187976327989
1441187976827993
1441187977327999
1441187977890505
1441187978515512
1441187979078020
1441187979703026
1441187980328033
1441187980890540
1441187981515546
1441187982140553
1441187982765557
1441187983328066
1441187983953072
1441187984578078
1441187985203082
1441187985828090
1441187986390593
1441187986890592
1441187987390600
1441187987890602
1441187988390608
1441187988890618
1441187989390623
1441187989890627
1441187990390636
1441187990890643
1441187991390647
1441187991890653
1441187992390659
1441187992890666
1441187993453176
1441187994015681
1441187994640689
1441187995328196
1441187995953202
1441187996515707
1441187997140707
1441187997765710
1441187998265717
1441187998765726
1441187999265733
1441187999765740
1441188000265745
1441188000765751
1441188001265758
1441188001828261
1441188002390766
1441188003015772
1441188003515778
1441188004015779
1441188004515784
1441188005015790
1441188005515794
1441188006015796
1441188006515803
1441188007015809
1441188007515816
1441188008015823
1441188008515829
1441188009015836
1441188009515845
1441188010015853
1441188010515856
1441188011015863
1441188011578371
1441188012140875
1441188012765882
1441188013390891
1441188014015894
1441188014578404
1441188015203411
1441188015765914
1441188016390923
1441188017015926
1441188017578433
1441188018203441
1441188018765946
1441188019390954
1441188019953460
1441188020515965
1441188021140975
1441188021765977
1441188022328484
1441188022890996
1441188023515997
1441188024078503
1441188024703510
1441188025266019
1441188025828526
1441188026453528
1441188027078534
1441188027641043
1441188028203549
1441188028828554
1441188029391060
1441188029953567
1441188030578576
1441188031141082
1441188031766087
1441188032328596
1441188032953602
1441188033516105
1441188034141112
1441188034703620
1441188035328626
1441188035891131
1441188036453636
1441188037078639
1441188037641146
1441188038141149
1441188038641150
1441188039141156
1441188039641160
1441188040141165
1441188040641171
1441188041141178
1441188041641185
1441188042141192
1441188042641198
1441188043141204
1441188043641211
1441188044141211
1441188044641214
1441188045141221
1441188045641225
1441188046141232
1441188046641237
1441188047141245
1441188047641252
1441188048141256
1441188048641265
1441188049141272
1441188049641278
1441188050141279
1441188050641281
1441188051141286
1441188051641290
1441188052141296
1441188052641305
1441188053141311
1441188053641313
1441188054141320
1441188054641327
1441188055141329
1441188055641334
1441188056141340
1441188056641346
1441188057141356
1441188057641361
1441188058141364
1441188058641369
1441188059141372
1441188059641381
1441188060141386
1441188060641392
1441188061141401
1441188061641409
1441188062141407
1441188062641410
1441188063141416
1441188063641423
1441188064141427
1441188064641434
1441188065141438
1441188065641441
1441188066141447
1441188066641455
1441188067141461
1441188067641466
1441188068141472
1441188068641475
1441188069141482
1441188069641488
1441188070141495
1441188070641501
1441188071141509
1441188071641516
1441188072141521
1441188072641522
1441188073141524
1441188073641531
1441188074141537
1441188074641546
1441188075141552
1441188075641557
1441188076141566
1441188076641571
1441188077141577
1441188077641580
1441188078141587
1441188078641596
1441188079141602
1441188079704106
1441188080266617
1441188080891622
1441188081454126
1441188082079131
1441188082579137
1441188083141651
1441188083704149
1441188084329157
1441188084829159
1441188085329159
1441188085829166
1441188086329169
1441188086829173
1441188087329179
1441188087829186
